1,null,"Bus 43, arrêt St Romain. Gare SNCF de Couzon. Station Velo'VQuai Jean Lavergne (en face de la place de la Liberté)."
2,null,null
3,null,présence de parkings aux abords du lieu
4,null,A pied
5,null,"Ouvert les vendredi, samedi et dimanche de 14h à 18h. Plein tarif : 5 € / Tarif réduit :"
6,null,rue Jean Giraudoux ou rue Roger Salengro
7,null,Parking public gratuit à proximité. Aménagement pour accès PMR.
8,null,Parking à proximité sur la place de la Bastide
9,null,"Le musée est situé en plein centre-ville, à moins de 10 minutes à pied de la Gare de Roanne. De nombreux parkings (payants et gratuits) sont disponibles aux alentours."
10,null,Tramway T2 Jacobins
11,null,Parking visiteurs 300 places
12,null,Metro ligne 1: 5 avenues Longchamp / tramway Longchamp
13,null,Métro ligne A : Capitole Métro ligne B : Jeanne-d'Arc
14,null,Gratuit
15,null,"Au village Bormes les Mimosas, les parkings sont gratuits.  Grand parking St François à 450m à pied du MHAB Certaines places de stationnement sont réglementées en “zone bleue” du 1er juin au 15 septembre de chaque année. Vous disposez de 1h30 de stationnement. N’oubliez pas de poser en vue le disque bleu européen que vous pourrez acheter à l’office de tourisme (2€) ou à la presse. Recharge et stationnement des véhicules électriques (2 places parking St-François au village médiéval et 2 places parking des 4 vents au quartier du Pin)."
16,null,Transports en commun : Navette gratuite depuis la gare ferroviaire Ligne 1 : arrêt Cours Docteur Favale ou Place Vincetti Ligne 5 : arrêt Cours Docteur Favale ou Place Vincetti Ligne 7 : arrêt Cours Docteur Favale ou Place Vincetti Parking payant place Vincetti
17,null,"L'Ecomusée se situe à 20 minutes du centre de Lorient, à moins de 10 minutes d'Hennebont et à 5 minutes de la 4 voies. Suivre la direction Inzinzac-Lochrist ou Lochrist puis Z.I des Forges. Parking voiture et camping-car en face de l'Ecomusée"
18,null,route de Montsurs
19,null,Au sein de la Cité internationale de la gastronomie et du vin
20,null,Autoroute A10 sortie 31 A 30 min de Niort et de Poitiers
21,null,Autoroute Lille-Valenciennes (à 6km) Gare SNCF (10mn à pied)
22,null,"Par la route : Porte Maillot ou Porte de Clignancourt, suivre A86, puis autoroute A15 direction Cergy-Pontoise, A115 direction Amiens-Beauvais, sortie Méry-sur-Oise puis direction Auvers-sur-Oise Par le train, deux possibilités en partance de la Gare du Nord : - pour Pontoise puis ligne H direction Creil, arrêt Chaponval - pour Valmondois puis ligne H direction Pontoise, arrêt Chaponval"
23,null,parking
24,null,"Depuis Pau, route de Bordeaux. Depuis Aire sur Adour, direction Pau. Le musée se situe au cœur du village. Autoroute A65, sortie 8 Garlin, prendre la direction de Thèze. Autoroute A65, sortie 9 Thèze, prendre la direction de Garlin."
25,null,"Parking gratuit, accès PMR, Label Accueil vélo, à 1,8 km de la via rhona"
26,null,Entrée du Musée au pied de la Basilique - Centre Ville - plusieurs places de stationnement
27,null,à 50m de la Halle Parking à proximité
28,null,"Place d'Italie - Métro : Lignes 5, 6 et 7 / Gobelins - Métro : Ligne 7"
29,null,"Métro : Alma-Marceau, ligne 9 / Invalides, lignes 8 et 13
RER : Pont de l’Alma, RER C
Bus : Bus n°42, 63, 80, 92, station Bosquet-Rapp"
30,null,"Accès PMR
Aéroport à proximité
Parking à proximité"
31,null,"Place de parking personne en situation de handicap moteur devant le musée, parking à proximité"
32,null,Métro : Mairie de Lille ou Grand Palais - Parking à proximité.
33,null,Parking gratuit sur l'aérodrome
34,null,Escalier
35,null,Parkings gratuits : - Parking visiteurs : route de Feuguerolles - Parking handicapés : 13 chemin Haussé
36,null,"Parking possible sur le port, accès PMR"
37,null,"RER Luxembourg Bus : 38, 82,84, 85, 89, 21, 27"
38,null,Mer : 10 km; Puy du Fou : 100 km; Marais poitevin : 130 km
39,null,Autoroute A 72 (dir Lyon St Etienne)
40,null,"Ligne de bus C1, proche de la place Foch."
41,https://marketplace.awoo.fr/658/Product?reference=LOV002000065820240320150552,Horaires d’ouverture : 10 h 00 – 18 h 00 (du 1er novembre au 28 février : fermeture hebdomadaire le lundi) / TARIFS INDIVIDUELS Plein : 9 € | Réduit : 6 €  Gratuit pour les moins de  6 ans. Ces tarifs comprennent l’entrée dans les espaces du musée de site ainsi que la visite guidée.
42,null,Tram A - station Jardin Botanique.
43,null,"Entrée par le parvis du Couvent Sainte-Cécile, Accessible par le Tram A (arret Maison du Tourisme) et le Tram B (arrêt Sainte-Claire). Parking payant Lafayette à proximité."
44,null,"RER A, bus, Tram 13"
45,null,"À Evreux, direction centre ville-cathédrale. Parking aux abords du musée."
46,null,Gratuit - de 20h à minuit
47,null,Métro Alésia
48,null,Métro Iéna / Alma Marceau
49,null,Accès par la bibliothèque municipale. Billets en vente uniquement à l'Office de Tourisme situé à 50 mètres (30 rue Victor Genoux)..
50,null,Métro RER B station Palaiseau
51,null,"Présence de parking, rampe d'accès et ascenseur."
52,null,route départementale chemins de randonnée (Voie Interligne et voie du musée)
53,null,"Piéton, vélo, voiture, transports en commun."
54,null,"de 20H00 à minuit, dernier accès à 23H00"
55,null,"RER A arrêt « Champigny ». Puis bus 108, 110, 116, 208, 306 (arrêt Mairie – Marché) ; bus 201 (arrêt Diderot – La Plage) ou 10 minutes de trajet à pied depuis la gare.  Stationnement cars."
56,null,Tram Ligne 1 Direction Mosson Arrêt Halle  ou Ligne 3 Direction Mosson-Juvignac Arrêt Hôtel du département puis Bus n°19 Pierre de Coubertin Arrêt Léonard de Vinci Parking P1 à proximité
57,null,Accessible en fauteuil roulant en autonomie
58,null,"A l'angle de la Route Nationale D2152 et de la rue Fortineau. Un parking est accessible à quelques mètres du Musée, Place de la Corbillière, près de la piscine municipale."
59,null,Coordonnées GPS: 49.417674 I 2.820661
60,null,Présence de parking à proximité
61,null,"Accès côté Jardin du Carrousel uniquement - Métro : Palais Royal, Tuileries, Pyramides Bus : 21, 27, 39, 48, 68, 69, 72, 81, 95"
62,null,Métro ligne 4 et 6 : Raspail ou Denfert-Rochereau
115,null,Bus arrêt du Général Pajol - Parking à proximité
116,null,Accès piéton depuis les parkings gratuits du centre ville.
63,null,"Un parking gratuit est à votre disposition En train * Par le RER C ou en train, à partir de la gare Montparnasse : rejoindre la gare de Versailles Chantiers puis prendre le RER C en direction de Juvisy - arrêt ""Petit Jouy/Les Loges"" * Par le RER B : rejoindre la station Massy-Palaiseau, puis prendre le RER C en direction de Versailles Chantiers - arrêt ""Petit Jouy/Les Loges"""
64,null,Zone piétonne du Vieux-Nice
65,null,"Centre ville, parkings gratuits à proximité"
66,null,"Gare SNCF/RER à 10 minutes à pieds, parkings à proximité"
67,null,Parking au pied du Château et en centre-ville
68,null,"Métro D, arrêt Valmy + 10 minutes à pied (en montée) ou + bus 90 arrêt Fort de Vaise les Carriers. Parking sur place. Merci aux personnes à mobilité réduite de nous contacter auparavant afin que nous puissions les accueillir le mieux possible."
69,null,"Accès en train, vélo, à pied, en voiture. Parkings à proximité."
70,null,https://www.lenvol-des-pionniers.com/informations-pratiques/venir-sur-le-site-de-lenvol-des-pionniers/
71,null,Métro et bus : stations Esquirol et Capitole
72,null,"En transport en commun : RER C arrêt Athis-Mons, direction Juvisy (JILL) ou Versailles Chantier (CIME) puis 10 min à pied de la gare. En voiture : N7"
73,null,Musée accessible en cours d'année / tour inaccessible pour cette animation particulière !
74,null,"A 4km du bourg de Ger, à 35 minutes en voiture des gares de Vire et Flers."
75,null,"En voiture, par l’autoroute : De la Porte Maillot ou de Clignancourt, suivre l’A86 (direction Cergy-Pontoise) puis l’A15 (direction Cergy-Pontoise). Prendre ensuite l’A115 (direction Calais), sortie Méry-sur-Oise Centre puis Château d’Auvers."
76,https://www.fracnormandie.fr/evenement/65f40a1e9f512,"En transport en commun Ligne F1 arrêt Jardin des Plantes Ligne T4 arrêt Stade Diochon ou Chartreux Métro arrêt Europe Plus d’infos sur reseau-astuce.fr En voiture Suivre le panneau « jardin des plantes de Rouen », rive gauche de la Seine. Parking gratuit"
77,null,Parkings Saint-Martial et du Champ de Mars à proximité
78,null,Présence de parking. Accueil des PMR
79,null,parking - accessibilité PMR
80,null,"Accès par la RN 57, entre Remiremont (88) et Luxeuil les Bains (70)"
81,null,"Le Tripostal Avenue Willy Brandt, Lille À 2 min à pied des Gares Lille-Flandres et Lille-Europe Métro : Gare Lille-Flandres Station : V’lille Flandres Euralille Parking : Autocité Euralille"
82,null,Voiture - Parking Honoré Cresp ou Notre Dame des Fleurs La Foux (payant) Bus arrêt : Thouron Lignes Sillages/Gare Sncf Grasse : 2.3.4.21.33.40
83,null,"RER D Malesherbes - Parking privé gratuit (voiture, motos, bus)"
84,null,"Bus C1 arrêt Lechat, Tram L1 arrêt Gare Maritime"
85,null,"Ligne exploitée avec des bus historique par l'association Omnibus Nantes, entre Le Chronographe et Trébuchet.
Arrêt desservis : Le Chronohraphe, Basse Ile (vers Trébuchet), Gustave Roch, République, Gaston Veil, Square Daviais, Médiathèque, Chantiers Navals, Gare Maritime, Salorges, Musée Jules Verne, Lechat (vers Le Chronographe), Bourdonnais, St-Aignan, Mellinet, Canclaux, Lamoricière, Edit de Nantes, Copernic, St-Nicolas, Place du Cirque, Hôtel de Ville, St-Pierre, Foch-Cathédrale, Trébuchet.

Accès gratuit en libre-service."
86,null,SNCF Enghien-les-Bains / Bus 13 arrêt Rey de Foresta ou bus 15M arrêt Hôtel de ville
87,null,"Grand Parking gratuit, tables de pique-nique, Chiens Bienvenus"
88,null,"Bus, batcub, stations Vcub
Parking gratuit
Entrée libre"
89,null,"Entrée libre du mardi au dimanche inclus, sauf le 1er janvier, le dimanche de Pâques, le 1er mai et le 25 décembre."
90,null,Parking. Accès et Parking Handicapés. Mom'Art
91,null,par la rue Achille Jubinal ( parking à proximité)
92,null,Transports en commun : T2 Arrêt Mairie Victor Schoelcher (800 m) ou F4 Arrêt Musée de la Corderie
93,null,Tram: Homme de fer / Parking: Kléber
94,null,Métro Ligne 2 arrêt Colbert / Bus Arrêt Colbert : Liane 4 BUS 35 BUS 17 BUS 84 BUS 87 BUS Z4
95,null,"Parking, arrêt de bus, navette fluviale, station Vélin."
96,null,ouvert tous les jours de 10h à 18h. Fermé le mardi
97,null,"Parking public gratuit à 100m
Ligne de bus 6132 arrêt ""Les Metz-la Mare"" puis 2 minutes de marche
RER C arrêt ""Jouy-en-Josas"" puis 20 minutes de marche"
98,null,Accès en voiture par A31. Parking; Gare à 10 minutes à pied. Plein pied donc accessible aux personnes à mobilité réduite.
99,null,"Accès au rond-point avant Mèze, prendre direction Loupian par la RD613. Coordonnées GPS (Lat. : 43.26 23N – Long. : 3.36 52E) Parking sur place"
100,null,"signalétique précise, parking"
101,null,Parking place Lafayette
102,null,"Tram, ligne A, ligne B Bus SNCF"
103,null,"Entrée par les jardins M° Bercy Bus n° 24, 64, 87"
104,null,Métro ligne 9 Saint-Philippe-du-Roule et Métro Ligne 13 Miromesnil
105,null,"Par la rue Henri-Barbusse ou par le Centre Bourse Métro: ligne1, station Vieux-Port ou Colbert/ligne 2 : Station Noailles Tramway: ligne 2, station Belsunce-Alcazar Voiture : parking Centre Bourse 7/7"
106,null,Parking à proximité
107,null,"Tramway ligne A : arrêt Verdun Préfecture Tramway ligne C : arrêt Hôtel de Ville Bus ligne C1 : arrêt Hôtel de Ville Bus lignes 14, 15 et 6020 : arrêt Verdun Préfecture Bus lignes 13 et 16 : arrêt Mutualité Parkings payants place de Verdun ou rue Hébert"
108,null,Parking / Ligne R
109,null,"Parking gratuit. Depuis le Pont de Sèvres, RN 118, direction Bordeaux, sortie Saclay, puis route départementale 36, direction Châteaufort / Saint-Quentin-en-Yvelines / Villiers le Bâcle. Depuis Porte d'Orléans, autoroute A6, puis A10 direction Bordeaux, sortie Versailles, direction Saclay, route départementale 36. RER B direction Saint Rémy les Chevreuse. Station Massy-Palaiseau. Puis bus 91-11 express en semaine et le samedi ou bus 91-10 les samedis, dimanches et jours fériés."
110,null,"Venir Bus 5 et 6 / Tramway A et B : Arrêt Palais de Justice. Accessibilité: visiteurs à mobilité réduite, visiteurs sourds ou malentendants, visiteurs déficients intellectuels"
111,null,Ensemble de plus de 100 places de parking gratuites autour du musée et parking gratuit dans toute la ville. Le musée est accessible aux personnes à mobilité réduite.
112,null,"Suivre les panneaux ""Centre Culturel"" Se garer sur le parking du Centre Culturel"
113,null,"Bus 62 Bobillot-Tolbiac, Metro 5, 6, 7 Place d'Italie"
114,null,"A 4 km de Gaillac, entre Toulouse (40 min) et Albi (20 min). Autoroute A 68 sortie 8 (Lisle-sur-Tarn) ou sortie 9 (Gaillac). Accessible aux personnes à mobilité réduite. Parking à proximité."
117,null,Gratuité
118,null,"Bus, voiture, vélo..."
119,null,parking à proximité - arret de bus - station Yelo
120,null,Entrée libre pour la nuit des musées
121,null,"5 km à l'ouest de Montpellier, parking voitures et bus face à l'entrée du parc, ou sur la place du village. transport en commun ligne 138 de la TAM (attention : pas de service le soir)"
122,null,"Métro Ligne 7, station Porte de la Villette. Paris périphérique nord, sortie Porte de la Villette Parc-autos payant, entrée quai de la Charente et boulevard Macdonald Gare des cars en accès payant (dépose gratuite durant 30 minutes) Entrée par le Boulevard Macdonald uniquement. Renseignements et réservations : 01 40 05 70 90 Attention ! En raison des travaux, la sortie côté boulevard Macdonald conduit uniquement à la Porte de Pantin. Pour rejoindre la Porte de la Villette emprunter la sortie Quai de la Charente. Autobus Lignes : 139, 150, 152, PC2 et PC3, station ""Porte de la Villette"" En raison des travaux : - L’arrêt Porte de la Villette (anciennement situé boulevard Macdonald) est déplacé Avenue de la porte de la Villette - La ligne de bus PC2 est déviée par le boulevard périphérique de la Porte de Pantin vers la Porte de la Villette. - La ligne de bus PC3 est coupée entre la Porte des Lilas et la Porte de la Villette"
123,null,"Par la route : à 20 min. de la gare Lille Flandres, autoroute Paris-Gand (A1/A22/N227), sortie 5 ou 6 Flers / Château / Musée d’art moderne. En transports en commun : métro ligne 1, station Pont de Bois + bus L6 direction Contrescarpe ou bus ligne 32 direction Wasquehal Jean-Paul Sartre, arrêt LaM ou métro ligne 2, station Fort de Mons + Liane 6 direction Contrescarpe, arrêt LaM."
124,null,centre-ville ancien
125,null,Parking payant devant le musée
126,null,"RER E gare Rosny-sous-Bois (ville) Bus RATP 116, 118 et 143 Autoroute A86 sortie ""Rosny sous Bois Centre"""
127,null,Bus ligne 1 - arrêt Chorus ; parking souterrain Chorus ; accès personnes à mobilité réduite
128,null,"parkings urbains, transports en commun à proximité"
129,null,Pour accéder au château en bus :  Empruntez le tramway (ligne B) qui relie Bordeaux à Talence. Empruntez la ligne de bus n°502 – arrêt avenue Capdevielle à la Brède. Le château est accessible en voiture. Il est situé à 25km de Bordeaux. Un parking à l'entrée du château vous donnera accès à la billetterie.
130,null,"Accueil des visiteurs par la place des Terreaux (20, 69001 Lyon) Bus et métro arrêts Hôtel de Ville - Terreaux  Stations Vélov' 1001 - Terreaux / Terme - Terme Angle rue d'Algérie 1020 - Terreaux / Chenavard - Rue Chenavard Côté place des Terreaux 1021 - Herriot / Pizay - Rue E.Herriot face au n°3 Angle rue Pizay 1005 - Meissonnier - Place Meissonier - Angle Sud-Est de la placeMusée des Beaux-Arts de Lyon 20 place des Terreaux 69001 Lyon  +33(0)4 72 10 17 40  Musée ouvert du mercredi au lundi de 10h à 18h, le vendredi de 10h30 à 18h00. Fermetures partielles de salles entre 12h30 et 14h.  Le musée est fermé les mardis et jours fériés (1er janvier, lundi de Pâques, 1er et 8 mai, Ascension, lundi de Pentecôte, 14 juillet, 15 août, 1er et 11 novembre, 25 décembre)."
131,null,Parking au devant de la déchèterie de La Brée-les-Bains. Arceaux vélos et place PMR à proximité immédiate de l'accueil.
132,null,Le CIP est dans l'enceinte du château médiéval.
133,null,"parking, métro ligne 1 direction poetrie station triangle ; en bus : ligne 61 direction saint-Erblon, arrêt Le Hil Bintinais"
134,null,Tram: porte de l'Hôpital / Parking: Austerlitz
135,null,"le musée est ouvert tous les jours de 10h à 18h, sauf le mardi. Il est fermé les 1er janvier, 1er mai, 14 juillet, 1er novembre et 25 décembre"
136,null,Parking Roy Bry à proximité (gratuit). Il y a la possiblité de se garer devant le musée (places payantes)
137,null,Ouvert du 1er juin au 30 septembre : du mercredi au dimanche inclus de 14 h 30 à 18 h juillet et août : tous les jours de 10 h à 12 h 30 et de 14 h 30 à 18 h. Toute l'année sur réservation pour les groupes.
138,null,parking dans le parc du château
139,null,"Bus : no 6 ou no 8 Autocar : parking réservé aux autocaristes devant le Musée Train : gare de Limoges-Bénédictins (3 h de Paris), puis bus no 6 ou no 8 ou 15-20 minutes à pied. Voiture : parking payant de 600 places devant le musée, et deux parkings souterrains payants place d’Aine et place de la Motte."
140,null,"Métro B, stations Carmes ou Palais de Justice Tram Garonne T1, terminus Palais de Justice Bus n°1, 2, 10 et 12"
141,null,"Entre les cafés et la mairie, face à la cathédrale. Quelques marches ou pans inclinés mènent à des portes automatisées"
142,null,Parking gratuit
143,null,"parkings centre-ville Duchesse Anne, Cathédrale, Moulin-Mairie, Baco, Cité internationale des congrès Transports en commun tramway ligne 1 Busway ligne 4 arrêt Duchesse Anne"
144,null,Se munir d'une pièce d'identité
145,null,Sur rendez-vous pour les groupes
146,null,"Le Manoir de La Cour est au cœur du village d’Asnières-sur-Vègre, Petite Cité de Caractère en vallée de la Sarthe. 
Il est situé à 15 minutes de Sablé-sur-Sarthe et à moins d’1h du Mans, d’Angers ou de Laval.

Le parking gratuit de la Marbrerie (rue St Hilaire) est à 150m du Manoir. A la sortie du parking, suivre le chemin indiqué pour arriver au Manoir en traversant le jardin des chanoines.

Le Manoir de la Cour possède la marque d’État « Tourisme et Handicap » et s’engage dans une démarche de qualité pour offrir une visite accessible à tous. 
Une place de parking PMR se trouve à proximité immédiate du manoir, dans la cour du monument. Le manoir dispose d’une entrée de plain-pied avec un chemin accessible aux personnes en fauteuils. Un ascenseur permet l’accès au premier étage."
147,null,"Parkings, navettes"
148,null,parking et bus à proximité. Accessible PMR
149,null,Gare SCNF à 10 minutes à pied
150,null,parkings ; 1er étage sans ascenseur ;
151,null,"Coordonnées GPS (parking musée, rue Charles Dupuy) : N 45°26.340'/E 4°22.611'"
152,null,Parkings à proximité / musée sur 4 niveaux / accessible PMR rez de chaussée
153,null,Entrée par l'arrière du bâtiment
154,null,"accès : métro Bastille (lignes 1, 5 et 8), Gare de Lyon (RER) bus : 20, 29, 65, 69, 76, 86, 87, 91"
155,null,"Le musée est situé à proximité de l'aéroport Nice Côte d'Azur et de l'Autoroute A8 En voiture : Sortie 52 Saint-Isidore ou suivre la signalisation ""Allianz Riviera"" depuis le centre-ville de Nice En bus : Lignes 11 et 59 – Saint Isidore En train (ligne de chemin de fer de Provence) : Gare Nice-Saint Isidore"
156,null,"Parking gratuit 2 rue des Abras 16000 Angoulême, places réservées pour les personnes en situation de handicap.
Stationnement vélo sur le parvis du musée.
Bus Möbius lignes 6 et 9, arrêt ""La Cité""."
354,null,"Entrée libre, horaires variables selon les expositions"
355,null,sortie 38 autoroute A8
157,null,"Parkings à proximités. Pour faciliter votre accès à la Villa du Temps retrouvé, un dépose minute est proposé devant le site aux visiteurs en situation de handicap."
158,null,"la gare SNCF la plus proche est celle d'Argenton-sur-Creuse (ligne Paris - Limoges), située à 40 km. Il est possible de se rendre à Argenton-sur-Creuse par le bus (un arrêt est situé à 500 m du musée)."
159,null,Parking. Gare la plus proche Sncf : La ferté sous jouarre
160,null,"Accès par train: ligne H depuis Gare du Nord, ligne J depuis Saint-Lazare, RER C, arrêt Pontoise. Accès par l'impasse Tavet"
161,null,"Prendre la direction ""Faymoreau - Centre Minier"""
162,null,"Le musée se situe à l'arrêt ""Dispensaire"" des lignes de bus 113 (RATP) ou A / C (Apolo7)"
163,null,"Proche du centre ville, à 5 mn de la Cathédrale Saint-Front ; en face la Préfecture ; à 20mn à pied de la gare."
164,null,"Accès par la route, deux possibilités : Autoroute A6, direction Lyon, sortie Melun, direction centre ville Autoroute A5, direction Lyon, sortie Melun, direction centre ville 
Accès par la voie ferrée, deux possibilités : SNCF (train direct 25 mn) Paris Gare de Lyon, direction (Montereau ou Montargis ou Sens), arrêt à la gare de Melun, puis 10 mn à pied depuis la gare, 
Bus : arrêt église Notre-Dame RER D (tain omnibus 48 mn) Paris Gare de Lyon, direction Combs-la-Ville, arrêt à la gare de Melun (terminus), puis 10 mn à pied depuis la gare, ou bus : arrêt église Notre-Dame."
165,null,Pas d'accès pour les personnes à mobililité réduite.
166,null,Parking sur place pour les personnes à mobilité réduite et parking dans le village pour les visiteurs.
167,https://www.pinaultcollection.com/fr/boursedecommerce/nuit-europeenne-de-musees,null
168,null,"A 10 minutes de Mortain et Domfront, parking gratuit sur place"
169,null,"Un grand parking privé pouvant accueillir voitures, motos et cars est à votre disposition dès votre arrivée. Un parking vélo est disponible. N'hésitez pas à venir avec vos poussettes. Des emplacements sont prévus dans le train lors du voyage et le Muséotrain est entièrement accessible avec une poussette. Les chiens tenus en laisse sont acceptés dans le musée. Tout le site est entièrement accessible aux personnes en situation de handicap."
170,null,"Métro Saint-Germain-des-Prés / Mabillon Bus 39, 63, 70, 86, 95, 96 Parcs de stationnement : rue des Saints-Pères (face à la faculté de médecine), carrefour Saint-Germain-des-Prés/rue de Rennes Taxis : carrefour Saint-Germain-des-Prés/ rue de Rennes Ouverture tous les jours sauf le mardi, de 9h30 à 17h30"
171,null,Métro 8 / Tram 3 station Porte Dorée / Bus 46
172,null,"RER ligne A station Saint-Germain-en-Laye (20 min de Charles-de-Gaulle-Etoile) Autobus RAPT 258 depuis la Défense Autoroute de l'ouest A13, RN190, RN13, N186"
173,null,Parking du quai Lissagaray à proximité (300m)
174,null,Stationnements disponibles : Avenue des Bains > Parc de l'Ermitage Avenue des Bains > Parking Les Silènes / Musée Rue de la Libération > Parc des Forges
175,null,"Le musée Dobrée est situé au cœur du centre-ville de Nantes, à proximité de la place Graslin et du Muséum d'histoire naturelle. L'entrée du musée est située au 1, place Jean V. En transports en commun : --> Tramway ligne 1 (arrêts Chantiers Navals ou Médiathèque). Attention, dénivelé important pour rejoindre le musée. --> Bus 23, C1, C3 (arrêts Édit de Nantes ou Copernic) et 26, 54, 350, C6 (arrêt Delorme)."
176,null,Rue Saint Genest ou Promenade des remparts (accès pour personne à mobilité réduite)
177,null,"L'accès en voiture n'est pas possible, plusieurs parkings autour de Najac"
178,null,Parkings gratuits à proximité.
179,null,"Métro (Ligne 1 et 2) Malesherbes Villiers Monceau. Bus n°20, 30, 31, 93"
180,null,Arrêt de bus Saint-Remi.
181,null,Parkings voitures et autocars gratuit
182,null,"Métro : Wazemmes ou Gambetta (ligne 1), Montebello (ligne 2) // Station V'Lille : rue de l'Hôpital St Roch"
183,null,"Bus M6 arrêt ""Ecole des Mines"" Parking cours Fauriel gratuit"
184,null,Autoroute
185,null,Parking. Café-boutique et hébergements touristiques au sein du musée. Accessibilité personnes à mobilité réduite.
186,null,"Gares ferroviaire et routière proches, parkings proches."
187,null,"En transport en commun : Ligne RER D station Louvres : consulter les horaires sur www.transilien.com Compter environ 30 mn de trajet depuis Gare du Nord. La gare est à moins de 20 mn de marche à pied du musée Bus des CIF : ligne R6 Louvres RER- Centre, arrêt rue aux blés : consulter les horaires sur https://www.iledefrance-mobilites.fr/. Compter 9 mn de trajet depuis la gare, les départs se faisant en fonction de l'arrivée des RER (attention, pas de service les dimanches et jours feriés). En voiture : Sur la RD317, prendre la sortie Louvres - centre puis la direction de la mairie. Des parkings publics et gratuits sont disponibles à proximité de La Poste et de l'espace Bernard Dague, à moins de 200 m. à pied du musée. 2 places de parking réservées aux personnes à mobilité réduite dans la rue de Villeron. Accès handicapé"
188,null,"à 15 mn à pied des gares sncf - Lille Flandres et Lille Europe à 10 mn à pied de la station de métro : ligne 1 Station Rihour Arrêts d’autobus situés Place du Lion d’or, lignes 10,14, 50 et 56 La navette du Vieux-Lille Station V’Lille n°21 : Place du Concert"
189,null,Métro  9/Marcel Sembat-Bus 126 et 175 (Hôtel de ville)
190,null,Parking sur place
191,null,Le musée se situe à l'entrée du village de Sars-Poteries. Cette commune de l'Avesnois est proche d'Avesnes-sur-Helpe (à 10kms) et de Maubeuge (20kms) et est accessible par la route via la RN2.
192,null,"Facilement accessible depuis l'autoroute A7, sortie ""Vienne"", le musée se situe sur la rive droite du Rhône, de l'autre côté du pont ""de Lattre de Tassigny"" de Vienne. Le musée est accessible aux personnes à mobilité réduite. Ouvert du mardi au dimanche, de 10h à 18h. Fermé les 1er janvier, 1er mai, 1er novembre et 25 décembre. Entrée gratuite pour tous, tous les jeudis, et toute l'année pour les moins de 18 ans et les groupes pédagogiques."
193,null,"Gratuit, sans réservation"
194,null,"Parking PMR. 
Accessibilité complète du site."
195,null,Centre du village
196,null,Parking dans la rue des Luthiers ou dans le village de Jenzat.
197,null,"Métro : Trocadéro Bus : 22, 30, 32, 63, 72, 82 Batobus : Tour Eiffel"
198,null,"Stationnement sur le parking de l’Arena ou du Théâtre-Narbo Via, puis accès piéton jusqu’au musée. Des places PMR et un dépose-bus sont disponibles devant l’entrée du Musée."
199,null,"Bus 175 (arrête Franklin), 167 et 275 (arrêt Place Mermoz) ; Métro Pont de Levallois Bécon (Ligne 3) à 15mn à pied ; Gare SNCF de Bécon les Bruyères à 7mn à pied"
200,null,Parking gratuit en contrebas.
201,null,"place piétonne dans la vieille d'Annecy. Parking payant fléché ""parking du château"" (accès de plain pied) à 100 m ."
202,null,"En bus (arrêt port), voiture (parking à proximité), à pieds, en vélos"
203,null,Stationnement gratuit à proximité
204,https://billetterie.imarabe.org/selection/timeslotpass?productId=10229213203256,"Métro : Jussieu, Cardinal-Lemoine, Sully-Morland Bus : 24, 63, 67, 86, 87, 89 Station vélib sur l'esplanade de l'Ima Parking public : Maubert-Saint-Germain/39 bd Saint-Germain"
205,null,Accessible aux personnes à mobilité réduite.
206,null,Accès D923
366,null,Présence d'un parking
207,null,Parking Saint-Julien (disque bleu) / Parking Gambetta ; Accès PMR seulement au RDC du Musée archéologique
208,null,métro A station esquirol métro B station carmes
209,null,"Parking, parking vélos, arrêt de bus, bornes pour voitures électriques"
210,null,2 parkings à proximité. Stationnement possible rue de la République
211,null,645 rue du Musée 69270 Rochetaillée sur Saône
212,null,"En centre ancien de Valréas, parkings à proximité et sur le tour de ville."
213,null,• Par SNCF : TGV jusqu’à St-Etienne (Paris - St-Etienne : 3 heures). • Par avion : aéroport à Andrézieux-Bouthéon (Paris - Andrézieux : 1 heure). • Voiture : - Saint-Etienne / Usson-en-Forez : 50 Km. - Le Puy-en-Velay / Usson-en-Forez : 50 Km. - Lyon / Usson-en-Forez : 110 Km.
214,null,"Musée accessible PMR, parking gratuit"
215,null,"Pour accéder au musée de la Tour des Prisons, il faut passer par le hall d'accueil de l'Office de Tourisme du Pays de Lunel."
216,null,"Métro : CIté ou St-Michel ligne 4, Hôtel de Ville ou St-Paul ligne 1. RER : St-Michel Notre Dame ligne B et C."
217,null,"En voiture. Vous y trouverez aussi les Chambres d'hôtes (www.auboutdesmondes.com), le Snack-bar ""Le Tilleul"", la boutique & des aires de pique-nique ainsi qu'un parking gratuit."
218,null,"Parking : Place de la République Tram A : Station Palais de Justice Tram A et B : Station Hôtel de Ville Bus : 4, 5, 15, 16, 6 et 56 Bus : 4, 5, 15, 16, 6, 56"
219,null,Ligne 1 : Arrêt Saint-Paul / Ligne 8 : Arrêt Saint-Sébastien Froissart / Ligne 8 : Arrêt Chemin Vert
220,null,"Accès en bus, et parking à proximité"
221,null,Parking payant sous le musée.
222,null,"Parking à proximité, Accessible en bus (ligne B, arrêt ""Commanderie"")"
223,null,Parking à proximité et borne de recharge pour véhicule électrique
224,null,parkings aux alentours.
225,null,Parking gratuit autour du musée
226,null,"Voiture et vélo : 20 min de la porte d’Orléans, RD920 (ex RN20), parking sur l’esplanade.
Bus : lignes 192, 197, arrêt parc de Sceaux.
RER B : stations Bourg-la-Reine, Sceaux ou Parc de Sceaux"""
227,null,"Ouvert tous les jours (sauf le mardi) de 10h à 18h. Fermé le 1er janvier, 1er mai, 25 décembre et le weekend de la Braderie de Lille."
228,null,entrée payante
229,null,"Métro : Mairie d’Issy (ligne 12) Bus : 123, 126, 169, 189, 190, 289, 290, 323, Tuvim RER, ligne C / Tram Val-de-Seine"
230,null,Arrêt de métro Europe et Saint Sever
231,null,"Ligne 7 ou tramway T3 arrêt Porte de Choisy. Puis T9 arrêt MAC VAL. - Ligne 7 arrêt Villejuif - Louis Aragon. Puis bus 172 (dir. Créteil-L’Échat) ou 180n(dir. Villejuif), arrêt Hôtel de Ville - Roger Derry. - Ligne 8 arrêt Liberté.Puis bus 180 (dir. Villejuif), arrêt Hôtel de Ville - Roger Derry. - RER C : Gare de Vitry-sur-Seine. Puis bus 180 (dir.Villejuif), arrêt Hôtel de Ville - Roger Derry. - RER D : Gare de Maisons-Alfort / Alfortville. Puis bus 172 (dir. Bourg-la-Reine RER), arrêt Henri de Vilmorin. - En voiture : Parking du musée gratuit, accès rue Henri de Vilmorin"
232,null,"Accessibilité PMR, bus à proximité"
233,null,accès PMR
234,null,Entrée libre du mardi au dimanche
235,https://museecamilleclaudel.fr/nuit-des-musees,null
236,null,"RER B : Port Royal- Bus 83, 38, 82, 91 Métro : Notre-Dame-des-Champs, Vavin Horaires : 10h-18h du mardi au dimanche sauf jours fériés Entrée libre dans les collections hors exposition temporaire"
237,null,Visite gratuite
238,null,"Pas de parking, rue piétonne."
239,null,"Parking gratuit face au musée, établissement sur trois niveaux sans ascenceur"
240,null,sur CD 941 - Limoges - Aubusson - Clermont-Ferrand 23 kms de Limoges par la route
241,null,Piéton : Par le Jardin public - entrées : Place Bardineau / Place du Champ de Mars / Cours de Verdun / rue d'Aviau / rue de la Course / Place Longchamps  - Tram : B arrêt Quinconces / C arrêt Jardin public - Bus : 4-5N-15 arrêt Jardin public / 6 arrêt rue d’Aviau - Vélo : Stations Vcub à proximité - Voiture : Parking Auditorium / Parking Tourny / Parking Allée de Bristol
242,null,Accès voiture - parking de l'église - Chevreuse - Accès bus et TàD à partir du RER b Saint-Remy les Chevreuse
243,null,"Parking gratuit : rue de Moulin à Poudre. Transport en commun : T2 - arrêt Demi-Lune, F4 - arrêt Saint-Just"
244,null,Places de parking dans le village
245,null,"R.E.R : Meudon Val Fleury (ligne C) puis bus n°169 (arrêt Paul Bert) Métro: Mairie d’Issy (ligne 12) puis bus 190, 290, 169 (arrêt hôpital Percy)"
246,null,"Parking, accès mobilité réduite"
247,null,Par la route: depuis Castres direction Brassac; depuis Albi direction Réalmont-Montredon Labessonnié- Vabre; depuis Lacaune direction Brassac
248,null,"De Cherbourg, au rond-point de Querqueville, prendre la direction Urville-Nacqueville et continuer à longer la côte direction Omonville-la-Rogue."
249,https://www.citedutrain.com/les-olympiades-de-la-cite-du-train,"La Cité du Train se situe à 5 min du centre-ville de Mulhouse, à 30 min de Colmar, Belfort et Bâle, à 1h de Strasbourg.
​​

En tramway : ligne 3, arrêt ""Musées"", direction Lutterbach ou Thann (consulter les horaires)

En vélo : Véloroute ""EuroVelo 6""

En voiture : autoroutes A35 et A36, sortie Mulhouse Dornach

En train : TER, TGV Est & Rhin-Rhône, gare de Mulhouse

En avion : aéroport Basel-Mulhouse-Freiburg."
250,null,le musée se situe au 1er étage de l'Ecole Victoria. Accessible aux personnes à mobilité réduite. Parking dans la rue et à proximité
251,null,Gratuit à partir de 18h
252,null,Gratuit sur rendez-vous
253,null,"Parking situé face au musée.
Labellisé Tourisme et handicap pour les 4 types de handicaps."
254,null,Gare SNCF Réseau Ulys Autoroute A 77
356,null,"Par la route :  A22 puis N227, sortie ""Pont de Bois"", puis suivre Annappes / Mairie d'Annappes. Métro : Arrêt ""Pont de Bois"", puis bus 34 ou 13, arrêt Annappes-République"
514,null,Tram B arrêt musée d' Aquitaine
255,null,"Saint Frajou est situé dans le Comminges à 35 km au Nord-est de Saint-Gaudens et à 7 km de l'Isle-en-Dodon. Le musée de peinture de Saint Frajou est à l'emplacement de l'ancienne école communale, au centre du village, tout proche de la place principale et de la mairie."
256,null,conditions d'accés très faciles
257,null,"Parking, ligne de transport en commun (16 - la STAS), accessibilité PMR"
258,null,Parking sur place. Accès PMR seulement au rez-de-chaussée.
259,null,"Métro : Trinité (M12), Saint Georges (M12), Pigalle (M12 et M2) Bus : 21, 26, 40, 43, 68, 74 Stationnement des voitures : le parking le plus proche du musée est le Parc Trinité d'Estienne d'Orves situé au 10 / 12 rue Jean-Baptiste Pigalle - 75009 PARIS. Réservez votre place de parking à tarifs réduits et sans frais de réservation grâce à ParkingsdeParis.com Le musée comporte trois escaliers et n'est pas équipé d'ascenseur. Le musée n'est pas accessible aux personnes en fauteuil roulant. Les poussettes doivent être déposées à l'accueil du musée."
260,null,Stationnement rue de la fontaine
364,null,"parking avenue George Sand, Place de la mairie et sur le Champ de Foire. Accès handicap moteur"
261,null,"Le domaine de Trianon est ouvert : 
- du 1er avril au 31 octobre : de 12h - 18h30 (dernier accès 18h ; Fermé le lundi et le 1er mai)
- du 1er novembre au 31 mars : de 12h à 17h30 (dernier accès 17h ; Fermé le 25 décembre et le 1er janvier)"
262,null,"Pour se garer
Parking gratuit à proximité : Parking des Italiens (10 minutes à pied ou navette gratuite CityZen jusqu’à la Place des Carmes) – Parking payant à proximité : Parking des Halles ou Parking du Palais des Papes.

Le Grenier à sel est accessible aux personnes à mobilité réduite (à l’exception de deux petites salles d’exposition)."
263,null,"M6, M9 Trocadéro / Palais de Chaillot - Aile Paris"
264,null,"Entrée des visiteurs par le square Louis-Bureau, place de la Monnaie"
265,null,"Se rendre au musée en voiture Situé à 1h de Paris, le MUDO - Musée de l'Oise bénéficie de grands axes routiers rejoignant la capitale par l’A16 ou la RN1, Amiens par l’A16, Rouen par la RN 31 ou Lille par l’A16 et l’A1.  Se garer à proximité Parking Saint Quentin 5 min à pied (gratuit) Parkings Foch et Calvin 2 min à pied (payant)  Se rendre au musée en transport en commun La gare SNCF est située à 15 minutes à pied du musée en traversant le centre-ville. Des lignes de bus desservent le centre ainsi que des taxis stationnés aux abords de la gare. Gratuit bus (GB) : arrêt cathédrale Pour préparer votre itinéraire, consultez le site Oise mobilité.  Se rendre au musée en avion L’aéroport de Beauvais-Tillé est situé à 5 km du MUDO - Musée de l'Oise. Il propose des vols directs pour plus de 60 villes européennes. Une navette relie plusieurs fois par jour l’aéroport à la porte Maillot. Les lignes 6 et 30E desservent le centre-ville depuis l’aéroport."
266,null,"Métro (Arrêt Beauvoisine) Ligne Fast F1 (Arrêt Beauvoisine) Bus 6, 7, 20, 22 (Arrêt Beauvoisine)"
267,null,30km au sud ouest de Châteauroux
268,null,"Grand parking, parking PMR, aire de pique-nique"
269,null,"Ouvert du mercredi au dimanche de 12h à 18h. Nocturne, le jeudi jusqu'à 20h  Nocturne uniquement hors vacances scolaires."
270,null,"RD 2152 – 18 km d’Orléans, direction Blois Autoroute A10, sortie n°15 Meung-sur-Loire Gare SNCF de Meung-sur-Loire (ligne Paris-Tours)"
271,null,parking gratuit en contre bas
272,null,Au rez de chaussée
273,null,voiture- autobus -moto- camping-car - vélo - piétons (parkings gratuits à proximité)
274,null,"En voiture : A9, sortie Béziers-centre, D 37 ou A9, sortie Béziers-ouest, D 19, Suivre Valras, Sérignan puis Centre administratif et culturel, Coordonnées GPS : Latitude : 43.2804, Longitude : 3.2809, Parking gratuit, En transports en commun : TER ou TGV : arrêt gare de Béziers, Bus à la gare : Ligne 16, direction Valras > Sérignan, arrêt promenade"
275,null,"Par la route : sur la D925, entre Dieppe (à 12 km) et Eu (à 20 km). Par la gare routière de Dieppe : Cars Denis ligne 68, arrêt Saint Martin en Campagne - Rond point."
276,null,"Métro : Ligne 9, stations Iéna et Alma Marceau Bus : Lignes 32, 42, 63, 72, 80, 82, 92 RER : Ligne C, Station Pont de l’Alma"
277,null,Métro : George V
278,null,Centre ville - en bord de quai
279,null,Parking à 5 min de marche du Cyclop.
280,null,"du 23/02 au 10/03 et du 13/04 au 16/06 : du mercredi au dimanche 14h-18h du 17/06 au 08/09, tous les jours : 10h12h30 / 13h30-18h du 09/09 au 11/11 : du mercredi au dimanche 14h-18h"
281,null,"Possibilité de stationnement gratuit devant le CRP/. En voiture : 15 min de Valenciennes 40 min de Lille 1h20 de Bruxelles 2h de Paris 4h de Londres. En transport en commun : En train Gare TGV de Valenciennes : 45 min de Lille 1h40 de Bruxelles 1h50 de Paris 3h de Londres Puis : tram ligne A direction Denain, arrêt Espace Villars + bus 4 direction Collège E. Littré, arrêt Julien Renard (40min)"
282,null,"tramway ligne A, arrêt République tramway ligne B, arrêt cathédrale"
283,null,"piétons : Le CNCS est situé sur la rive gauche de l'Allier, face à la ville de Moulins, à quelques minutes du centre ville en traversant l'Allier par le pont Règemortes. Ligne de bus n°3. En voiture : Depuis Paris: Autoroute A6 puis A77 et RN7 ou Autoroute A71 Paris > Orléans > Clermont-Ferrand: sortie ""Montmarault"" Depuis Lyon: Autoroute A6, puis N79 ou N7Axe Est-Ouest :RCEA Genève > Mâcon > Moulins > Bordeaux Depuis le Sud: Autoroute A75 - N9 Montpellier > Clermont-Ferrand > Moulins Par le Train : 2h30 depuis Gare de Lyon: Ligne Paris - Clermont-Ferrand. Arrêt : ""Moulins-sur-Allier"" Depuis la gare de Moulins: Environ 15 mn en traversant l'Allier par le pont Règemortes, Ligne de bus n°3"
284,null,Parking gratuit avec emplacements pour PMR et autobus.
285,null,"Parking , aménagements pour personne à mobilité réduite"
286,null,"Parking visiteur, Gare SNCF de Fresnoy-Le-Grand"
287,null,"Parkings à proximité, accès PMR"
288,null,"Le musée Guerre et Paix en Ardennes est situé à Novion-Porcien, à 7 km de l'axe autoroutier A34, à mi-chemin des agglomérations de Charleville-Mézières et de Reims."
289,null,"À pied à 15 min du centre ville  En vélo station VéliVert Le Clapier  En bus M2 (arrêt La Pareille), M7 (arrêt Musée de la Mine), ligne 24 (arrêt Pierre Semard)  En train Saint-Étienne Le Clapier  En voiture quelques places de parking sur place, parkings payants à proximité : parking du Clapier et du Musée de la Mine"
290,null,"Situé au coeur du vieux village,  il est non adapté aux personnes à mobilité réduite,."
291,null,"Parking à 50m, sur la place du village"
292,null,parking voiture et bus
293,null,"Parking gratuit face au musée, gare SNCF à 20 minutes à pied."
294,null,A10 RER C
466,null,Parkings gratuits voitures / bus / vélos sont à votre disposition
295,null,"En transports en commun : * RER : ligne B, arrêt Luxembourg (sortie Jardin du Luxembourg) * Métro : ligne 4, arrêt Saint Sulpice ; ligne 10, arrêt Mabillon * Bus : lignes 58, 84, 89, arrêt Luxembourg ; lignes 63, 70, 87, 86, 93, arrêt Saint Sulpice En voiture : * Parking Marché Saint-Germain : accès par la rue Lobineau, Paris 6e (90 places) * Parking Place Saint Sulpice, Paris 6e En Vélib’ : Stations n° 6009, 6030, 6017."
296,null,"Métro : Rambuteau ; Hôtel de ville Bus : 29, 76"
297,null,Stationnement facile à proximité. AIre de pic-nique dans un vaste parc ombragé.gé.
298,null,"Horaires

De septembre à Juin :
Du mardi après-midi au dimanche de 10h à 12h et de 14h à 18h
Fermeture le lundi et le mardi matin

Juillet et août :
Du mardi après-midi au dimanche de 10h à 12h30 et de 14h à 18h
Fermeture le lundi et le mardi matin

Fermeture les jours fériés : Jour de l’an, Lundi de Pâques, Fête du travail,  Armistice 1945, Fête de l‘Ascension, Lundi de Pentecôte, Fête Nationale, Assomption, Toussaint,  Armistice 1918, Noël (25 décembre)."
299,null,"Ouvert lors des expostiions temporaires. Hiver (jusqu'au 31 mai) : du mardi au dimanche, 11h-17h30) / Eté (jusqu'au 30 septembre) : tous les jours : 10h30/18h)"
300,null,"Quartier Saint-François, près du marché aux poissons."
301,null,Musée situé dans les jardins du château de Beaucaire (accès par la place Raimond VII) Parking du Casino ou des Arènes à proximité
302,null,parking : 35 grand'rue 30270 Saint-Jean-du-Gard
303,null,"Parking disponible place de la mairie (à 5 minutes à pieds du Musée), place de stationnement handicapée mise à disposition devant le Musée."
304,null,Métro (7) Les Gobelins
305,null,"Transport en commun : T2 - arrêt Victor Schoelcher (terminus), F4 - arrêt Artois."
306,null,"Parking Clemenceau (payant en semaine, gratuit les dimanches et lundi) à 30 mètres."
307,null,Entrée libre
308,null,"Bus : Arrêt Ballainvilliers ; lignes B, 4, 8 (passent par la gare SNCF) et lignes 3, 6, 9, 10, 12, 13 ; Tramway : arrêt Jaude / Lagarlaye / Maison de la Culture"
309,null,"- D 1006 direction Saint-Jean de Maurienne, à 7 km d'Aiguebelle - A43, sortie 24 (Aiton) puis D1006, Aiguebelle, Argentine - A côté de l'Eglise"
310,null,"parking voitures et vélos, place PMR."
311,null,Parking à proximité. Accessible aux personnes à mobilité réduite.
312,null,Parking gratuit a proximité
313,null,"170, quai de Stalingrad - place Jean-Monnet Attention : peu de places de stationnement RER : Ligne C, station Issy-Val-de-Seine Tramway : T2 station Les Moulineaux ou Issy-Val-de-Seine Bus : 39 - 123 - 126 - 189"
314,null,Au-dessus de l'Office de Tourisme de Cluses
315,null,Parking à proximité du musée
316,null,"1 Le Fort, 57420 Verny"
317,null,"Parking relais, bus, accessibilité handicapés"
318,null,accès handicapé
319,null,"Métro La Tour-Maubour, Varenne, Invalides RER C Invalides Parking, stations de Vélib' et de taxis à proximité.
En voiture : Rond-point du Bleuet de France, coordonnées GPS : 48.85853, 2.31292"
320,null,"Parkings voiture & vélo, possibilité de transports en commun"
321,null,"Tramway 2 : arrêt ""Suresnes-Longchamp"" Bus RATP : lignes n° 93, 144, 157, 160, 175, 241, 244 et 360 Train SNCF : depuis Saint-Lazare (Paris) : arrêt ""Suresnes / Mont-Valérien"""
322,null,"La FAC dispose d’un parking municipal en contrebas, il est gratuit le samedi et le dimanche ainsi que  le soir à partir de 18h."
323,null,Depuis Narbonne D 13 jusqu’à Cuxac d’Aude puis D 1118 jusqu’à Sallèles d’Aude ou D 607 jusqu’à Saint Marcel puis D 1118 jusqu’à Sallèles d’Aude
324,null,https://www.fontevraud.fr/visiter-fontevraud/tarifs-horaires/
325,null,Parking devant le musée
326,null,M11 Rambuteau
327,null,Parking de la Roche (gratuit)
328,null,130kms de Paris 45kms de Chartres 48kms d'Orléans
329,null,"Autoroute A71 : Bourges, sortie 7 ; Bus : depuis la gare SNCF, ligne 1 et 2 puis changement Place de la Nation, prendre la ligne 3, arrêt Archives L’entrée du musée libre et gratuite."
330,null,Plein tarif 7€ / tarif réduit 4€
331,null,Accessible PMR
332,null,"En transport en commun Ligne F1 arrêt Jardin des Plantes Ligne T4 arrêt Stade Diochon ou Chartreux Métro arrêt Europe Plus d’infos sur reseau-astuce.fr En voiture Suivre le panneau « jardin des plantes de Rouen », rive gauche de la Seine. Parking gratuit"
333,null,parking à proximité
334,null,Présence de parking
335,null,"Roche-sur-Yon, D 948, Dir. Fontenay le Vicomte"
336,null,Bus 98
337,null,"Parkings à proximité:parkins de la Madeleine, Parking Jean Jaurès"
338,null,Parking à 30m de l'accueil.
339,null,Parking et ligne de bus en été
340,null,Parking
341,null,"Depuis Tours, sortie A10 Ste-Maure de Touraine puis la Celle St-Avant et Descartes"
342,null,Nombreux parkings à proximité.
343,null,à 1 h15 de Bourg-en-Bresse et de Lyon à 1 h de Chambéry et de Genève
344,null,A16 ou A26
345,null,"Parking, accès mobilité réduite."
346,null,"Muséum : 35 allées Jules Guesde / Quai des Savoirs : 39 allées Jules Guesde / ouverture du mardi au dimanche 10h-18h / tram T1 (terminus Palais de Justice), métro ligne B Carmes ou Palais de Justice, bus lignes Linéo 8, 12, 29, 31, 44"
347,null,"RER A : Nogent-sur-Marne puis bus 114 ou 210, arrêt Sous-préfecture : RER E : Nogent-Le Perreux puis direction Tribunal d’instance / Métro ligne 1 : Château de Vincennes puis bus 114 ou 210, arrêt Sous-préfecture / Vélib’ n° 4130"
348,null,"10 min à pied de la gare SNCF Angers Saint Laud, parking voiture et arrêts de bus à 300m, dépose-minute PMR au pied du monument."
349,null,Accès fauteuils roulants
350,null,En tramway : ligne B arrêt « Île Verte » (5 minutes à pied). En bus : ligne 16 arrêt « Saint-Laurent ». En voiture : parking du Musée de Grenoble (10 minutes à pied) et derrière le bâtiment. Accessible aux personnes à mobilité réduite.
351,null,"TARIFS D'ENTRÉE AU MUSÉE (Le billet d'entrée donne accès à toutes les expositions) : • 8€, plein tarif / 4,5€, tarif réduit • 6€, plein tarif / 3,5€, tarif réduit – quand il n'y a pas d'exposition dans la nef • 2€, tarif unique pour les étudiants de moins de 26 ans • Entrée gratuite le 1er dimanche du mois (sauf juillet et août)"
352,null,RER : musée d'Orsay Métro : Solférino Bus : 24 / 63 / 68 / 69 / 73 / 83 / 84 / 94
353,null,Tram: Langstross - Grand'Rue / Parking: Gutenberg
357,null,Parking de l'Esplanade à 200 m; place de parking PMR devant le musée. Le musée est accessible aux personnes à mobilité réduite. Les chiens-guides d'assistance et d'accompagnement sont autorisés dans le musée.
358,null,RN 147 reliant Poitiers et Limoges.
359,null,Train ligne H
360,null,"Accès véhicules : Suivre les indications « Site historique de la Haute Ville ». Stationnement gratuit: Parking, place de l’Isthme. ACCÈS PIÉTONS : Par l’escalier, place Maréchal Foch à proximité de la salle de spectacles l’Archipel."
361,null,Accès libre et gratuit - non accessible aux personnes handicapées moteur
362,null,Cour et salle d'exposition temporaire accessible aux personnes en situation de handicap
363,null,"Voiture / Car Autoroute A8 - Sortie “Cannes-Mougins”, direction “Grasse” : Sortie Mouans-Sartoux Autoroute A8 – Exit “Cannes-Mougins”, direction “Grasse” : Exit Mouans-Sartoux Bus Ligne TAM 600 Cannes – Grasse - Départ gare de Cannes, arrêt Centre Mouans-Sartoux TAM 600 Cannes – Grasse line - Departure: Cannes Station, stop: Centre Mouans-Sartoux Train Ligne Cannes - Grasse – Arrêt Gare Mouans-Sartoux (15 minutes de la gare de Cannes) Line Cannes - Grasse – Get off at Mouans-Sartoux (15 minutes from the Cannes train station) Avion / Plane Aéroport de Nice (trajet Aéroport - Mouans-Sartoux : 30mn en voiture) Nice airport - (Airport - Mouans-Sartoux : 30 mn by car)"
365,null,"Parking, transports à proximité."
367,null,Autoroute A8 depuis Marseille/Lyon ou Nice/Monaco/Italie sortie autoroute n°42 Bus Azur n° 1 / 4 / 11 /13 arrêt Musée Bonnard/Mairie du Cannet Gare SNCF de Cannes (4 km) Aéroport de Nice (25 km
368,null,Parkings
369,null,"Depuis Hyères, prendre la direction de Giens, suivre la route de la Madrague puis le Chemin de la Plage, stationner tout en haut au Parking du village (gratuit, 140 places) et descendre à pied sur le port du Niel."
370,null,"Métro Ligne 1 – Palais Royal - Musée du Louvre / Ligne 4 – Saint-Germain-des-Prés / Ligne 12 – Rue du Bac / RER Ligne C - Musée d'Orsay / Bus Lignes 27 / 39 / 95 – Arrêt Pont du Carrousel - Quai Voltaire / Vélib - Quai Voltaire, Saint-Benoît – Jacob."
371,null,"Parking sur place, Accès handicapés"
372,null,"parking, toilettes accessibles"
373,null,"Le musée se situe au cœur de la ville, sur le boulevard conduisant au jardin. De nombreuses places de parking sont proches de l'entrée ainsi que les arrêts de bus desservant la commune."
374,null,gratuit - visite sur réservation au départ de la Maison du Parc
375,null,"Bus : 24, 63, 68, 69, 73, 83, 94 Métro : ligne 12, station Solférino RER : ligne C, station musée d'Orsay"
376,null,"Métro : Hôtel de Ville, ligne 1 ou Rambuteau, ligne 11 Bus : Lignes 75 et 29 Station Vélib' : 67 rue des Archives ou 76 rue du Temple"
377,null,"M1 Saint-Paul, M8 Chemin Vert, M1, 5, 8  Bastille / Bus 20, 29, 65, 69, 96"
378,null,"M13 Invalides ou Varenne M8 La Tour Maubourg - RER C Invalides - Bus 28, 63, 69, 82, 83, 87, 92, 93"
379,null,gratuit pour mes moins de 12 ans / T.Réduit : 2€ / Plein tarif : 4€
380,null,Grand parc et parking privé
381,null,"Arriver en tramway : lignes 1, 2, 3 ou 4 arrêt Saint Roch / Arriver en voiture : parking Effia Montpellier Gare Saint Roch, parking de la Comédie / Arriver en train : Gare Saint Roch"
382,null,"Parking à proximité, lignes de bus 1 et 5"
383,null,"Metro (10) Maubert-Mutualité Bus : 24, 47, 63, 86, 87"
384,null,Métro Garibaldi
385,null,parking proche
386,null,"Gare Versailles Rive Droite (2 min à pieds), Gare Versailles Château Rive Gauche (15 min à pied), Gare Versailles Chantier (17 min à pied), Bus 1, 3, 4 arrêt ""Marché Notre Dame"", deux parkings sous-terrain et places dans la rue"
387,null,Tram A/D : arrêt Grand'rue
388,null,"Parking à l'arrière de la mairie, sur la droite et sur la gauche"
389,null,"Présence de parking (voitures, motos, bus et places handicapées), Présence de vélos électriques du réseau Tadao"
390,null,Face au château royal de Blois
391,null,"Métro : Iéna, Trocadéro, Boissière / Bus : n°30, 32, 63, 82 Stationnement : avenue Kléber, avenue George V (place de l'Alma) Taxis : avenue d'Iéna devant le musée"
392,null,"Parking, Accés PMR"
393,null,Autoroute A51 : sortie 19 à Forcalquier/Oraison Suivre la RN 100 direction Mane (à 3 km au sud de Forcalquier)
394,null,Ligne 9 : Alma-Marceau ou Iéna /Ligne 8 : Ecole Militaire / Ligne 6 : Bir Hakeim / RER C : Pont de l’Alma ou Champ de Mars - Tour Eiffel
395,null,"en voiture : Rue Mathieu Lalanne 64000 Pau // parking payant centre Bosquet en bus : ligne T1, T2, T3, P5, P7, P8, P11, P20 , P22, P23, arrêt Pôle Bosquet en train : Pôle Gare SNCF en avion : Ligne bus P20 arrêt Pôle Bosquet"
396,null,À 1h15 de Paris en TGV (Gare Le Creusot - Montceau-les-Mines - Montchanin) À 30 min de Chalon-sur-Saône par la N80
397,null,"Autoroute A71, sortie Saint-Amand-Montrond à 5 km du musée, 250 km de Paris, 140 km de Clermont-Ferrand"
398,null,"Parkings gratuits, petit port, parc à vélo, promenade et chemin lacustre piéton et cyclable"
399,null,"Bus ligne 3 - arrêt ""Musée de l'ALAT"""
400,null,Gare à 10 mn - Parking souterrain Place Châtelet
401,null,"parking, arrêt d'autobus à proximité"
402,null,"par l'Autoroute A 26 suivre Dunkerque - A 16 sortie n°24 par l'Autoroute A 25, suivre Calais - A 16 sortie 51"
403,null,parking gratuit à proximité
404,null,Parking extérieur en zone bleue ou souterrain à moins de 10min du château.
405,null,"En voiture Depuis Paris, prendre l’A6 (Porte d’Orléans ou Porte d’Italie), sortie Fontainebleau. Prendre la direction de Fontainebleau puis suivre les indications « château ». En train Prendre le train à Paris Gare de Lyon (grandes lignes) en direction de Montargis, Sens, Montereau ou La Roche-Migennes, descendre à la station Fontainebleau-Avon, puis prendre le bus ligne 1 direction Château, puis arrêt « Château »."
406,null,Parkings à proximité. Etablissement entièrement accessible PMR.
407,null,A15 - D14 - sortie n° 17
408,null,"Parking, bus à proximité, places PMR devant l'entrée du site"
409,null,"parking réservé aux visiteurs, accueil adapté aux personnes à mobilité réduite et aux personnes déficientes auditives"
410,null,"tram T2, station Centre Berthelot Métro ligne B, arrêt Jean Macé ou ligne A arrêt Perrache Voiture : parc Berthelot, rue de Marseille Velo'V : station Centre Berthelot (rue Pasteur - angle avenue Berthelot)"
467,null,Funiculaire F2 direction Fourvière ou F1 direction Saint Just arrêt station Minimes.
468,null,A16 sortie 26 (sortie Etaples/Le Touquet) Gare TER TGV Etaples/Le Touquet
411,null,Prendre RER A en direction de Marne-la-Vallée/Chessy d'une des stations parisiennes suivantes: Charles-de-Gaulle/Etoile; Auber/Opéra; Châtelet les Halles; Gare de Lyon; Nation.   Descendre à la gare de Noisiel/Le luzard (environ 25mn de trajet depuis la station Châtelet/Les halles) Bus 220 arrêt mairie de ChampsUn parking de 50 places est à disposition des visiteurs
412,null,"Accès transport : Métro : ligne 9, station « Pont de Sèvres » Tramway : ligne T2, arrêt « Musée de Sèvres » Autobus : 426, 169, 171, 179 – arrêt « Musée de Sèvres » GPS : 48°49’43 N / 2°13’27 E"
413,null,"SNCF gare de L'Isle-Adam/Parmain Musée en centre ville, dans la rue principale qui relie la gare à la Mairie"
414,null,Vélo : emplacements entre la bibliothèque et l’église des Dominicains / Réseau bus de la TRACE de Colmar Agglomération / Voiture : nombreux parkings à proximité
415,null,au centre de la bastide - parking à proximité
416,null,"Parking
Accès PMR"
417,null,"Accès Métro: ligne10 (station Boulogne-Jean-Jaurès) Accès Bus : ligne 123 ( arrêt : Eglise Notre-Dame) Sub Boulogne Nord, arrêt : Parc Edmond- de- Rothschild"
418,null,"Parking place Juhel, sur la cale au pied du château Accessible aux personnes à mobilité réduite et en situation de handicap moteur"
419,null,"A partir de 21h l'accès au musée se fait par l'entrée du jardin des Tuileries située place de la Concorde, côté Seine. Métro : 1, 8, 12 station Concorde - Bus : 24, 42, 52, 72, 73, 84, 94 arrêt Concorde - Parkings : Concorde (angle de l'avenue Gabriel et de la place de la Concorde) ou Jardin des Tuileries (38 rue du Mont-Thabor)"
420,null,"RER A ou Ligne L, Gare de Nanterre Université / Parking payant Nanterre Coeur Université, 192 allée d'Aquitaine, 92000 Nanterre"
421,null,"Parking à l'arrière de l'église, accessible aux personnes à mobilité réduite."
422,null,"Parking de la Concorde à proximité, accessibilité pour tous, fauteuils d'appoints proposés à l'accueil, livret jeu pour les plus jeunes sur demande à l'accueil"
423,null,"Métro : ligne 10, station « Boulogne Pont de Saint-Cloud » Tramway : ligne T2, arrêt « Parc de Saint-Cloud » Autobus : 52, 72, 126, 160, 175 – arrêt « Rhin et Danube » Vélib’s : station au 15 rond-point Rhin-et-Danube"
424,null,SNCF Ligne J gare de Colombes
425,null,Parc de stationnement (pour voitures et autocars) Bus (arrêt sur le site) Gare desservie (15 minutes à pied)
426,https://cairn-prehistoire.com/,null
427,https://www.facebook.com/,null
428,null,Accès pour les personnes à mobilité réduite : 14 rue de Gadagne
429,null,"Parking : Kléber Métro : République Bus arrêt ""Musée beaux-arts : 4, 6, 40, 64, 67 Bus arrêt ""Lycée Zola"" : 54, 55, 56 Vélo STAR : station avenue Janvier"
430,null,"Accès PMR, parking à proximité"
431,null,"Accès par la RD 1079 (Bourg/Mâcon) ou l'A40 (sortie n° 4, St Genis-sur-Menthon ou sortie n° 3, Pont-de-Veyle)"
432,null,"Jas de Bouffan N° de bus : 4 et 6, Arrêt Fondation Vasarely Voiture : Sortie Aix Ouest/Jas de Bouffan Parking à la Fondation"
433,https://www.instagram.com/musees.aurillac?igsh=NWU0MWJxMmUyb3h0,null
434,null,"Métro : Arts-et-Métiers - Réaumur-Sébastopol  (4 ; 3) Bus : 20, 38, 47"
435,null,"Autoroute A4 Direction Nancy - sortie Meaux, centre Historique, Cathédrale - SNCF : Gare de l'Est-Banlieue"
436,null,"Le musée est ouvert tous les jours, sauf le mardi, de 10h à 12h30 et de 14h à 17h45. Fermetures execptionnelles le 25 décembre et le 1er janvier."
437,null,tram A ou B (Alsace Lorraine) - E (Chorier Condorcet) - Bus ligne 12
438,null,parking à proximité - sanitaires sur place
439,null,"Parking à proximité
Bus Mobily"
440,null,"1h30 de Paris par l’autoroute (A6 puis A77), et à 1h d’Orléans et d’Auxerre."
441,null,"Métro : ligne D / station du vieux Lyon Bus : C3, C14, 19, 31, 40, S1 / Vélo´V : stations St Paul, Place Fousseret et Rue de la Baleine/ Accès pour les personnes à mobilité réduite : 14 rue de Gadagne"
442,null,"jardin de l'évêché, hôtel de Ville"
443,null,Accès par jardin public.
444,null,"parking en face du château, sur la place d'orléans"
445,null,"Le musée est situé entre Bellême (61) et Nogent-le-Rotrou (28), sur la commune de Saint-Cyr-la-Rosière. (carte michelin 60, pli 5)"
446,null,à 55 km de Caen - RN1313 Sortie Aunay-sur-Odon/Villers Bocage
447,null,"Parking gratuit sur le Champ de Mars à 7 min à pied, le long du Loing. Stationnement possible dans la Ville."
448,null,"M1, M13 Champs Elysées-Clemenceau / Bus 28, 42, 72, 73, 80, 83 et 93"
449,null,"Métro Monceau (ligne 2) ou Villiers (2 et 3), Bus 30 et 94 (Malesherbes-Courcelles), entrée par le 7 avenue Vélasquez (accès par le parc Monceau ou par le 111-113 boulevard Malesherbes)"
450,null,"Parking autour de l'Eglise Notre Dame des Marais, devant l'Hôtel de Ville ou Parking de la Portelle."
451,null,accès rue victor duruy
452,null,le mercredi après-midi 15 h - 18 h
453,null,2 parkings à proximité et accès PMR.
454,null,Le musée ne dispose pas de parking. Vous pouvez vous garer sur la place devant l'abbatiale. Un dépose-minute est possible sur demande auprès du musée. Nous attirons l'attention de nos visiteurs sur la rue devant le musée qui présente une pente de 13 % sur 50 m.
455,null,BUS LIGNE 452  BOUSSENS > SAINT-GIRONS > GUZET
456,null,"accès en voiture, parkings, ascenseur dans le musée"
457,null,Transports à proximité ainsi que des parkings
458,null,"À pied : à 2 min de la gare TGV de Metz Ville, à 10 min du centre historique. En voiture : autoroutes A4 (Paris / Strasbourg) et A31 (Luxembourg / Lyon), sortie Metz Centre. Parking de 700 places. En train : Gare TGV de Metz Ville. Trains directs : à 1h20 de Paris, à 40 min de Luxembourg Ville. Gare Lorraine TGV (à 35 km de Metz, navettes à disposition). Trains directs : à 2h de Lille Europe, à 4h de Rennes, à 5h de Bordeaux. En avion : aéroport de Metz-Nancy Lorraine (18 km / 20 min), aéroport de Luxembourg (69 km / 45 min), aéroport de Sarrebruck (79 km / 1h), aéroport de Zweibrücken (110 km / 1h20)."
459,null,La porte d'entrée du musée se trouve sous le passage du porche de l'Hôtel de Ville. Parking place Gambetta à proximité immédiate.
460,null,Parking accès PMR
461,null,parking place Voltaire
462,null,Parking du musée
463,null,SNCF depuis Paris Montparnasse A13 sortie Epône
464,null,Parking gratuit à proximité du musée. Accès depuis la gare SNCF : bus ligne 4 - arrêt Cathédrale. Accessibilité du musée aux visiteurs à mobilité réduite
465,null,Maison du patrimoine - Atelier Perret
469,null,"Tram B, bus Liane 7, Lignes 25 ou 27. Parking, accessible aux personnes en situation de handicap."
470,null,"Accès SNCF : Arrêt gare de Saint-Cloud (ligne St-Lazare/Versailles/St-Nom-la-Bretèche ou La Défense/ La Verrière) Métro Ligne 10 : Arrêt Boulogne Pont de Saint-Cloud Tramways T2 : Arrêt Parc de Saint-Cloud Bus 160, 460, 467 : Arrêt Général Leclerc"
471,null,"Le musée est ouvert tous les jours (sauf le mardi) de 9h30 à 17h30.

Fermeture de la billetterie à 17h.

La boutique/librairie est ouverte aux horaires d’ouverture du musée.

Plus d'informations sur le site internet"
472,null,Parking public
473,null,Par la route uniquement
474,null,Parking gratuit. Gare; Proximité de l'A31 sortie Hagondange
475,null,Gare SNCF et parking gratuit à proximité
476,null,6 € / 4 €
477,null,Visites sur rv toute l'année; ouvert de 14h30 à 18h00 tous les jours sauf le dimanche du 25 juin au 15 septembre
524,null,"Installé dans un fortin du XVIIe siècle, le musée du Bastion n'est malheureusement pas accessible en fauteuil roulant."
525,null,Tramway Station Place de la République-Musée Tomi Ungerer
526,null,Parkings à proximité
527,null,Parking public gratuit
528,null,"Le musée est situé sur la place Denfert-Rochereau. Il est accessible : métro ligne 4, 6, RER B, Bus 38, 68, 88, 216, Orlybus"
478,null,"Par le train : Gares de Luxeuil-les-Bains (TER) et de Remiremont (TGV) / Gare d'Aillevillers (TER) - Bus Réseau Viamobigo : renseignements au 03 80 11 29 29. Ou par taxi, Tél.: 03 84 93 73 00 - Par la route Autoroute A31 via Nancy / Autoroute A36 via Besançon - Se déplacer à Luxeuil-les-Bains : ""Luxeuil le bus"" est un service dispensé par les Autocars Tard, il vous permet de vous déplacer dans Luxeuil et ses environs de 7h20 à 18h45. Pour toute information supplémentaire, appellez le 03 84 40 15 15. Possibilité de dépose-minute devant l'Office de Tourisme."
479,null,parkings gratuits à proximité
480,null,Ouvert tous les jours du 1er février au 15 novembre et durant les vacances de Noël.
481,null,Deux entrées : 7 rue des Anciens d'AFN (place de l'église) ou rue de la Plage. Parking en zone bleue à proximité.
482,null,Ouvert du mardi au samedi | 10h-18h
483,null,"Transports en commun :  Train ligne Transilien J ou TER Paris-Rouen. Arrêts Mantes-Station ou Mantes-la-Jolie. Puis 15 min à pied ou bus Ligne A, Ligne D, Ligne F. Arrêt Sangle. Bus express A14 depuis La Défense. Arrêt Mantes-la-Jolie.  Par route :  Autoroutes A 13 ou A 14 depuis Paris, sortie n° 11 « Mantes-la-Jolie / Est ». Suivre Centre-Ville / collégiale Notre-Dame."
484,null,"transports à proximité, parkings"
485,null,"Depuis la D1089, sortie Saint-Etienne-le-Molard, fléchage ""Château de la Bastie d'Urfé"" Parking véhicules de tourisme"
486,null,non accessible aux personnes à mobilité réduite (escaliers)
487,null,"Le Musée mémorial des parachutistes est situé à l'entrée de l'École des troupes aéroportées (ETAP), au nord de la ville de Pau. Musée mémorial des parachutistes Camp Aspirant Zirnheld Chemin d'Astra 64140 LONS Coordonnées GPS : 43°20'47.0""N 0°23'10.6""W Venir au musée par la route : depuis l'A64, sortie n°10. Le musée est à 3 km. Trois lignes de bus du réseau de transport de la communauté d'agglomération PAU PYRENÉES desservent l'arrêt « Domaine de Sers » : ligne 6, direction SERRES-CASTET, ligne 10 direction UZEIN Aéroport, et la ligne 16, direction MONTARDON École. Attention ! Entre les arrêts de bus et le musée, certains espaces ne possèdent pas de trottoir."
488,null,Gratuit. Entrée libre.
489,null,"Depuis la gare routière et SNCF de Lyon-Vaise : - (en voiture) prendre la direction de Champagne au Mont d'Or, juste avant le rond-point vers Champagne, prendre à gauche, possibilité de parking : place du marché, quartier Balmont. Fléchage vers le musée. - par les transports en commun, depuis la gare de Vaise (SNCF et terminus de la ligne D du métro, prendre le bus 21, arrêt ""avenue de Champagne""/ ou le C14, 89, arrêt Balmont / tous ces transports sont accessibles avec un billet unique des TCL."
490,null,parking sur place
491,null,"Parking sur la place Marie Giraud, juste devant le moulinage."
492,null,Proche de la gare
493,null,"3 niveaux d'exposition non accessible aux PMR
toilettes publiques à la mairie"
494,null,"2h depuis la Gare Saint Lazare - tramway St Pierre 2h30 depuis Paris : A13, périphérique ouest de Caen, sortie centre ville 2h depuis Rennes : A84, périphérique nord de Caen, sortie centre ville"
495,null,"Parking gratuit, accès par bateau et vélo (port et voie verte à proximité)."
496,null,métro rond-point et Bus 23-45 - parking à côté du musée - Vélos électriques en libre-service - accès handicapés
497,null,Parking de l'ancienne mairie; Parking de la cathédrale
498,null,"Se garer en bas du parc ou dans les rues autour du musée, pas d'accès direct au musée en voiture  (accès réservé aux personnes à mobilité réduite)"
499,https://www.monnaiedeparis.fr/fr/le-lieu-culturel,null
500,null,par la route: D 45 ou D901 Coordonnées GPS : N 49.41.00 W 147.30
501,null,"RER B (Station Sceaux), BUS (ligne 192 arrêt ""Eglise de Sceaux"", ligne 6 arrêt ""Docteur Berger""), PARKINGS (Plusieurs parkings gratuits sont disponibles tout autour du Parc de Sceaux, à proximité des différentes portes d'accès au parc. Pour venir au Petit château, le parking le plus proche (payant) se situe place du général de Gaulle à Sceaux. Parking gratuit sur l'esplanade du Parc de Sceaux (avenue Claude Perrault / Avenue Le Nôtre))"
502,null,Parking à proximité.
503,null,Métro Montparnasse-Bienvenue (sortie N°2)
504,null,Métro ligne 9 Mairie de Montreuil + bus 122 arrêt parc Montreau RER A Val de Fontenay + bus 122 ou 301 arrêt parc Montreau
505,null,quartier pietonnisé
506,null,Horaires Nuit des musées : 15h - 00h
507,null,"Métro : ligne 13, station Porte de Paris, sortie 3
    RER : ligne B gare de La Plaine-Stade de France puis bus 230 jusqu'à Porte de
    Paris ; ligne D gare de Saint-Denis puis tram T8 arrêt Pierre de Geyter
    Bus : 170, 239, 253, 255, 353 arrêt Porte de Paris
    Tramway : T8 arrêt Porte de Paris ou Pierre de Geyter
    Parking public : Porte de Paris
    Velib : station Franciade"
508,null,Gare routière à 20 mètres
509,null,"Entrée palais du roi de Rome, côté jardin."
510,null,"Métro : Montparnasse - Bienvenüe /Falguière Bus : n° 28, 48, 58, 88, 89, 91, 92,94, 95, 96"
511,null,"Métros : Cadet (ligne 7) ou Grands Boulevards (lignes 8, 9) Station Vélib' : Cadet (24-26 rue Cadet)"
512,null,"Voiture, train (ligne Strasbourg-Sarreguemines-Sarrebrücken - gare à 20 mn à pied)."
513,null,"Gare TGV, Autoroutes A39 et A36, parking situé à l'arrière du musée"
515,null,"Voiture : 20 mn de la porte d’Orléans, RD920 (ex RN20), parking sur l’esplanade Bus : lignes 192, 197, arrêt parc de Sceaux RER B : stations Bourg-la-Reine, Sceaux ou Parc de Sceaux"
516,null,"Accès par la route : A12 - A13 - A86, sortie Versailles Château Accès train : Paris Saint-Lazare (Versailles-Rive droite à 5 minutes à pied) Paris Montparnasse (Versailles-Chantiers à 20 minutes à pied) RER : Paris ligne C (Versailles-Rive gauche à 15 minutes à pied)"
517,null,"En accès libre, sur réservation"
518,null,accès par l'entrée du site archéologique
519,null,"Bus : 67, 69, 76, 96 Métro : Ligne 1 : Saint-Paul ou Hôtel-de-Ville ou Ligne 7 : Pont-Marie Parcs de stationnement souterrain : Pont Marie (48 rue de l’Hôtel de Ville), Paris 4e Baudoyer (place Baudoyer), Paris 4e Lobau (rue Lobau) Facilités d’accès pour le public handicapé"
520,null,La Grande Saline est située au coeur de la Ville de Salins-les-Bains. Deux grands parkings se situent à proximité immédiate de l'accueil. La galerie souterraine de la saline est accessible par un escalier d'une cinquantaine de marches et se découvre uniquement en visite guidée. La température y est de 12°C en moyenne.
521,null,Parking devant - ascenseur et rampe d'accès
522,null,"A20 (2h30 de Paris) - SNCF : Paris-Limoges, arrêt Châteauroux ou Argenton-sur-Creuse"
523,null,En bus - ligne 7- arrêt Foujita En tram - lignes A et B - arrêt Schneiter
529,null,"Visite dans le noir, prévoyez votre lampe-torche ! Parking du Carré Amelot à proximité"
530,null,"Près de la place du Marchadial, au nord du centre-ville Stationnement aisé"
531,null,parking gratuit du parc de loisirs et accès via les transports en communs. Avec les TCL : Ligne 54 (gare de Vénissieux – ZA Chapotin) Descendre à «Corbas – Musée de l’Aviation» Rejoindre le musée (3 mn à pied) www.tcl.fr ; Cars du Rhône : Ligne 112 (Vénissieux – Valencin) Descendre à «Corbas-musée de l’aviation» Rejoindre le musée (3 mn à pied) www.rhone.fr
532,null,"parking, rampe pour accès PMR"
533,null,"T1, T2 (stations Godrans ou République), L3, L6, B11 (arrêt République ou Théâtre) et City (arrêt Théâtre), Vélodi (station Théâtre)"
534,null,"RER A, station Torcy, sortie 1, puis à pied (20 minutes).  Bus PEP'S : les lignes 21 (en semaine), 25 (semaine, samedi et dimanche), 13 et 46 (semaine et samedi) desservent le Parc culturel de Rentilly. Pour connaître les horaires et trajets de ces lignes, consultez le www.transdev-idf.fr Navette à la demande et sur réservation grâce à Plus de Pep’s ; rendez-vous sur http://plusdepeps.net/  Autoroute A4, en venant de Paris, prendre la A104, sortie ""Collégien centre"", puis suivre la direction Rentilly.Adresse :Parc culturel de Rentilly - Michel Chartier1, rue de l'étang77600 Bussy-Saint-Martin Téléphone : 01 60 35 46 72 Courriel : parcculturelrentilly@marneetgondoire.fr  En vélo, depuis le RER A station Torcy : un espace Véligo se trouve à proximité de l’entrée nord de la gare. Pour plus d’info : www.stif.info/un-nouvel-espace-veligo-a-torcy"
535,null,D59 ou A8
536,null,Accès par le square Girard II
537,null,Accès libre et gratuit
538,null,"Situé dans le hameau de Riqueval, commune de Bellicourt, en bordure de la RD1044, axe Saint-Quentin/Cambrai. A 10 minutes au nord de Saint-Quentin."
539,null,"Accès : A 54 km de Dijon par la D960, à 20 km de Gray par la D67 et à 36 km de Langres par la N74 puis la D67. Parking gratuit à proximité (autocars et voitures)."
540,null,stationnement gratuit
541,null,D 904 entre Alès et St Ambroix
542,null,Parkings à proximité. Ascenseur.
543,null,En face de l'église.
544,null,"Accès par Autoroute A1, bus 350 et 152. http://www.museeairespace.fr/visiteurs/acces/"
545,null,RN88 entre Rodez et Laissac
546,null,"Rive droite, à proximité du pont de Brotonne."
547,null,Parking à proximité; pas d'ascenseur
548,null,"Se rendre au Hangar Y :
Bus 169 – 289 – 389
RER C « Meudon Val-Fleury »
Ligne N « Meudon »
En voiture Route D 406
En vélib’ station « Meudon Val Fleury »
Services au Hangar Y :
Parking voitures, vélos et trottinettes
Restaurant
Aire de jeux"
549,null,"Parking, accessible pour les fautuils roulants"
550,null,"La seule et unique entrée se trouve sur l'avenue de Paris. Les portes qui se situent près du Parc floral sont fermées. En voiture Les visiteurs ne peuvent pas stationner leur véhicule dans l'enceinte du château. En métro et RER Ligne 1 : station Château de Vincennes RER A : station Vincennes  En bus Bus 46, 56, 86"
551,null,Site non accessible aux handicapés en fauteuil
552,null,"À 40 mn de Troyes & Saint-Dizier  À 45 mn de Colombey-les-Deux-Eglises  À 1h30 de Reims  À 2h de ParisParking, ascenseur dans le musée"
553,null,Voiture : Sortie 11 Rocade Nord-Ouest. Parking face au centre commercial. Accès par le parking du Fort (à côté du 2 chemin Saint Georges). Bus : Liane 91 et Ligne 86
554,null,Route du littoral - sortie La Grande Chaloupe
555,null,centre ville
