1,Musée des Moulins - Jean Bruggeman,2709804
2,Nuit européenne des musées 2024 : Guadeloupe,5458844
3,Nuit européenne des musées 2024 : Normandie,2258968
4,Nuit européenne des musées 2024 : Auvergne - Rhône-Alpes,3312675
5,CAC-Archéosite Les-Rues-des-Vignes,54370986
6,La Fabrique du POINT DU JOUR,28925708
7,Nuit européenne des musées 2024 : Provence-Alpes-Côte-d'Azur,1974291
8,Evènements 2024 Musée de la Tour du Moulin à Marcigny,22989166
9,Nuit européenne des musées 2024 : Corse,2133089
10,Nuit européenne des musées 2024 : Occitanie,5865786
11,Nuit européenne des musées 2024 : Nouvelle-Aquitaine,5795929
12,"La classe, l'œuvre ! 2024",93339703
13,Musée départemental de la Résistance & de la Déportation de la Haute-Garonne,16637096
14,Nuit européenne des musées 2024 : Polynésie française,968923
15,Château de Flers,11129371
16,Musée national Adrien Dubouché,48433843
17,Nuit européenne des musées 2024 : Pays de la Loire,2543501
18,Nuit européenne des musées 2024 : La Réunion,8588085
19,Villa et Jardins Ephrussi de Rothschild,13206794
20,Nuit européenne des musées 2024 : Hauts-de-France,1653094
21,Musée du Terroir,17212581
22,Nuit européenne des musées 2024 : Grand Est,1244278
23,Nuit européenne des musées 2024 : Centre-Val de Loire,6453173
24,Nuit européenne des musées 2024 : Île-de-France,8525150
25,Nuit européenne des musées 2024 : Bretagne,7269977
26,Musée du Château de Flers,77281150
27,Abbaye de Trois-Fontaines,64229275
28,Nuit européenne des musées 2024 : Bourgogne - Franche-Comté,5183772
29,Musée Alexandre Dumas,97725327
30,Nuit européenne des musées 2024 : Martinique,9529821
31,Musée de Bretagne,60332170
32,Mémorial Ascq 1944,61988849
