1,"[{""link"": ""mailto:reservation@site-verrier-meisenthal.fr""}]",94803170
2,"[{""link"": ""https://cieducontrevent.weebly.com/enlivrez-vous.html""}]",44700911
3,"[{""link"": ""https://www.mac-lyon.com/fr/programmation/40-ans-nuit-des-musees-2024""}]",87650437
4,"[{""link"": ""https://www.niederbronn-les-bains.fr/actualites-de-niederbronn-les-bains/item/nouveau-voyage-temporel-au-musee-decouvrez-l-exposition-jours-ordinaires-il-y-a-trois-millenaires.html""}]",326617
5,"[{""link"": ""mailto:public@frac-picardie.org""}]",39155634
6,"[{""link"": ""mailto:musee@la-gueriniere.fr""}]",849323
7,"[{""link"": ""https://dgxy.link/fKvBg""}]",22892454
8,"[{""link"": ""http://www.laperceedubocage.fr""}]",6912612
9,"[{""link"": ""https://www.quidams.com/""}]",53263232
10,"[{""link"": ""https://www.lasabline.fr/actualites/nuit-europeenne-des-musees""}]",93645020
11,"[{""link"": ""mailto:musee-dumas@mairie-villerscotterets.fr""}]",34765834
12,"[{""link"": ""https://www.zebra3.org/""}]",57027510
13,"[{""link"": ""mailto:musee@dax.fr""}]",53884648
14,"[{""link"": ""https://www.musee-armee.fr/au-programme/expositions/detail/duels-lart-du-combat.html""}]",83326171
15,"[{""link"": ""http://lesballetsnomades.fr""}]",48150369
16,"[{""link"": ""mailto:centregiono@dlva.fr""}]",50314776
17,"[{""link"": ""http://www.somme.de/saisonkulture""}, {""link"": ""http://www.somme.fr/saisonculturelle""}, {""link"": ""http://www.somme.fr/saisoncultural""}]",29853539
18,"[{""link"": ""mailto:communication@frac-bourgogne.org""}]",6389465
19,"[{""data"": {""author"": ""Jean-Marc Derouen"", ""cache_age"": 86400, ""description"": ""Extrait d'un conte insolite de Jean-Marc Derouen, le fossoyeur de Plogoff, conte qui fait partie de d'un spectacle intitul\u00e9 \""Contes Insolites de Bretagne\"". Ce spectacle oscille entre histoires fantastiques et humour, po\u00e9sie et tendresse. Il y est question de fossoyeurs, de korrigans, de sorci\u00e8res, de grand-m\u00e8res Tupperware, de loups ! Un imaginaire qui d\u00e9borde de tous c\u00f4t\u00e9s pour le plus grand plaisir des spectateurs !"", ""type"": ""video"", ""title"": ""Contes Insolites de Bretagne"", ""thumbnail_url"": ""https://i.ytimg.com/vi/JqI8VzKqjQY/maxresdefault.jpg"", ""version"": ""1.0"", ""url"": ""https://www.youtube.com/watch?v=JqI8VzKqjQY"", ""thumbnail_height"": 720, ""author_url"": ""https://www.youtube.com/channel/UCcB24-qU0lJl04mSfvNnKCw"", ""thumbnail_width"": 1280, ""options"": {""_end"": {""label"": ""End on"", ""placeholder"": ""ex.: 11, 1m10s"", ""value"": """"}, ""_start"": {""label"": ""Start from"", ""placeholder"": ""ex.: 11, 1m10s"", ""value"": """"}, ""_cc_load_policy"": {""label"": ""Closed captions"", ""value"": false}, ""click_to_play"": {""label"": ""Hold load & play until clicked"", ""value"": false}}, ""html"": ""<div style=\""left: 0; width: 100%; height: 0; position: relative; padding-bottom: 56.25%;\""><iframe src=\""https://www.youtube.com/embed/JqI8VzKqjQY?rel=0\"" style=\""top: 0; left: 0; width: 100%; height: 100%; position: absolute; border: 0;\"" allowfullscreen scrolling=\""no\"" allow=\""accelerometer; clipboard-write; encrypted-media; gyroscope; picture-in-picture; web-share;\""></iframe></div>"", ""provider_name"": ""YouTube""}, ""link"": ""https://www.youtube.com/watch?v=JqI8VzKqjQY""}]",95125764
20,"[{""link"": ""https://fracnouvelleaquitaine-meca.fr/evenement/la-nuit-des-musees-au-frac/""}]",70310240
21,"[{""link"": ""https://palaisdetokyo.com/exposition/signal/""}]",75915145
22,"[{""link"": ""https://www.fracreunion.fr/programmation/evenement/art-en-serie-limitee-8""}]",2724242
23,"[{""data"": {""cache_age"": 86400, ""thumbnail_width"": 100, ""description"": ""Instagram photos and videos"", ""html"": ""<div><div style=\""left: 0; width: 100%; height: 140px; position: relative;\""><iframe data-iframely-url=\""https://cdn.iframe.ly/api/iframe?app=1&amp;url=https%3A%2F%2Fwww.instagram.com%2Fmuseedesursulines%2F&amp;key=7db9d78bdbb5e7d79acb1240cae64b0e\"" style=\""top: 0; left: 0; width: 100%; height: 100%; position: absolute; border: 0;\"" allowfullscreen=\""\""></iframe></div></div>"", ""type"": ""rich"", ""title"": ""Instagram (@museedesursulines)"", ""thumbnail_url"": ""https://scontent-iad3-2.cdninstagram.com/v/t51.2885-19/163731118_2012590362213252_7963765322019045550_n.jpg?stp=dst-jpg_s100x100&_nc_cat=105&ccb=1-7&_nc_sid=3fd06f&_nc_ohc=sbYtjBeVsMQAb6KF1SV&_nc_ht=scontent-iad3-2.cdninstagram.com&oh=00_AfCOi7eC1f9iq2aWbsZ8MUIDdbs5ffCDUN5El-iFQ64Sdw&oe=661F2E69"", ""version"": ""1.0"", ""url"": ""https://www.instagram.com/museedesursulines/"", ""script"": {""async"": true, ""charset"": ""utf-8"", ""src"": ""https://cdn.iframe.ly/embed.js""}, ""thumbnail_height"": 100}, ""link"": ""https://www.instagram.com/museedesursulines/""}]",91288342
24,"[{""link"": ""https://www.museudiacorsica.corsica/fr/""}, {""link"": ""https://www.museudiacorsica.corsica/de/""}]",5202361
25,"[{""link"": ""https://www.mobiliernational.culture.gouv.fr/fr""}]",94527887
26,"[{""link"": ""https://ffepgv.fr/""}]",72738199
27,"[{""link"": ""https://www.capc-bordeaux.fr/pyjamabal-ndm-2024""}]",60770138
28,"[{""link"": ""https://mudo.oise.fr/expositions/expositions-en-cours/details/news/la-collection-xixe-siecle-du-mudo-musee-de-loise/""}, {""link"": ""mailto:contact.mudo@mudo.oise.fr""}]",74287843
29,"[{""link"": ""https://www.museedelaposte.fr/expositions-et-evenements/visite-choregraphiee""}]",2825606
30,"[{""link"": ""https://museum.toulouse-metropole.fr/nos-expositions/exposition-permanente/""}]",97024168
31,"[{""link"": ""https://www.facebook.com/search/top?q=le%20printemps%20culturel""}, {""link"": ""https://www.crp.photo""}, {""link"": ""https://www.crp.photo/exposition/le-parti-pris-des-choses-exposition-collective/""}]",11702103
32,"[{""link"": ""mailto:reservation@musee-resistance.com""}]",51192110
33,"[{""link"": ""https://ciapvassiviere.org/home""}]",57189615
34,"[{""link"": ""mailto:musee-bullecourt1917@cc-sudartois.fr""}]",34340051
35,"[{""link"": ""https://cultura.cervantes.es/paris/fr/DiversidadeS/170297""}]",82117525
36,"[{""link"": ""https://www.historail.com""}]",98261034
37,"[{""link"": ""https://palaisdetokyo.com/exposition/toucher-linsense/""}]",64012169
38,"[{""link"": ""http://www.chana-orloff.org""}, {""link"": ""http://www.Chana-Orloff.org""}]",51841005
39,"[{""link"": ""https://www.luma.org/shop/details.html?product=662a6d5eb250672b2bf26d37""}]",96624529
40,"[{""link"": ""https://fracdespaysdelaloire.com/""}]",54186036
41,"[{""link"": ""mailto:musee.deck@ville-guebwiller.fr""}]",33706664
42,"[{""link"": ""https://www.mdig.fr/expositions-et-activites/expositions/l-impressionnisme-et-la-mer/""}]",88528402
43,"[{""link"": ""https://www.niederbronn-les-bains.fr/actualites-de-niederbronn-les-bains/item/nouveau-voyage-temporel-au-musee-decouvrez-l-exposition-jours-ordinaires-il-y-a-trois-millenaires.html""}, {""link"": ""https://www.niederbronn-les-bains.fr/culture-et-loisirs/maison-de-l-archeologie.html""}]",44803475
44,"[{""link"": ""https://museephotographie.nice.fr/""}, {""link"": ""http://www.manhattan-darkroom.com""}, {""data"": {""author"": ""MUSE ASSOCIATION"", ""cache_age"": 86400, ""description"": ""Nice m\u00e9rite bien une f\u00eate nocturne !\nLe 18 mai 2024, de 18h00 \u00e0 22h00, le Mus\u00e9e de la Photographie de Nice c\u00e9l\u00e8bre la 20\u00e8me Nuit Europ\u00e9enne des Mus\u00e9es! C'est une soir\u00e9e anniversaire \u00e0 ne pas manquer mettant en lumi\u00e8re les photographies d' Henri Dauman , ainsi que celles de Fr\u00e9d\u00e9ric Pasquini expos\u00e9es \u00e0 la Galerie du Mus\u00e9e.\nVivez une immersion nocturne dans l'Am\u00e9rique captivante d'Henri Dauman, o\u00f9 se c\u00f4toient les ic\u00f4nes telles que Miles Davis, Alain Delon, Marilyn Monroe, Elvis Presley, John et Jackie Kennedy, les gangs de New York, ou encore la naissance du Pop Art. \u00c0 travers l'image et la musique, cette soir\u00e9e promet une exp\u00e9rience unique et inoubliable.\nNous vous attendons nombreux pour c\u00e9l\u00e9brer cet \u00e9v\u00e9nement exceptionnel !\nExposition en cours :\n\""The Manhattan Darkroom - Photographies d'Henri Dauman\""\nJusqu'au 26 mai 2024\nMus\u00e9e de la Photographie de la Ville de Nice\n--- \nNice is well worth a night celebration !\nOn May 18, 2024, from 6:00 PM to 10:00 PM, the Nice Museum of Photography is celebrating the 20th European Night of Museums! It's an anniversary evening not to be missed, showcasing the photographs of Henri Dauman, as well as those of Fr\u00e9d\u00e9ric Pasquini exhibited at the Museum's Gallery.\nImmerse yourself in the captivating America of Henri Dauman, where icons such as Miles Davis, Alain Delon, Marilyn Monroe, Elvis Presley, John and Jackie Kennedy, the gangs of New York, and the birth of Pop Art come together. Through imagery and music, this evening promises a unique and unforgettable experience.\nWe look forward to welcoming many of you to celebrate this exceptional event!\nOngoing Exhibition:\n\""The Manhattan Darkroom - Henri Dauman Photography \""\nUntil May 26, 2024\nNice Museum of Photography\n\n#NuitDesMus\u00e9es #nuitdesmusees #villedenice #henridauman #photographie #museephotonice #exposition #musee #museum"", ""type"": ""video"", ""title"": ""NUIT EUROPEENNE DES MUSEES - HENRI DAUMAN"", ""thumbnail_url"": ""https://i.vimeocdn.com/video/1841476892-5c9a4f4c9e7ea94ac3ced4389955fbda70552dd266fda1d4b161e735636c8011-d?f=webp"", ""version"": ""1.0"", ""url"": ""https://vimeo.com/938187649"", ""thumbnail_height"": 1080, ""author_url"": ""https://vimeo.com/tvsvideo"", ""thumbnail_width"": 1920, ""options"": {""_texttrack"": {""label"": ""Text language (ignored if no captions)"", ""placeholder"": ""Two letters: en, fr, es, de..."", ""value"": """"}, ""click_to_play"": {""label"": ""Hold load & play until clicked"", ""value"": false}}, ""html"": ""<div style=\""left: 0; width: 100%; height: 0; position: relative; padding-bottom: 56.338%;\""><iframe src=\""https://player.vimeo.com/video/938187649?app_id=122963&byline=0&badge=0&portrait=0&title=0\"" style=\""top: 0; left: 0; width: 100%; height: 100%; position: absolute; border: 0;\"" allowfullscreen scrolling=\""no\"" allow=\""encrypted-media;\""></iframe></div>"", ""provider_name"": ""Vimeo""}, ""link"": ""https://vimeo.com/938187649""}]",71851331
45,"[{""link"": ""http://www.bourdelle.paris.fr""}]",54944673
46,"[{""link"": ""https://mhc.lille.fr/""}]",37373125
98,"[{""link"": ""mailto:lechronographe@nantesmetropole.fr""}]",540741
47,"[{""link"": ""https://canada-culture.org/event/composition-pour-un-ensemble-ou-lesprit-des-jeux/""}, {""link"": ""https://canada-culture.org/event/les-corps-en-mouvement/""}, {""link"": ""https://paralympique.ca/node/146""}, {""link"": ""https://www.nfb.ca/""}, {""link"": ""https://lefifa.com/""}]",76303605
48,"[{""link"": ""https://www.mdig.fr/expositions-et-activites/expositions/l-impressionnisme-et-la-mer/""}]",76764627
49,"[{""link"": ""mailto:restaurant@villa-ephrussi.com""}]",52352749
50,"[{""link"": ""https://www.museereplay.com/""}, {""link"": ""https://quaidessavoirs.toulouse-metropole.fr/plateau-creatif/""}, {""link"": ""https://cosmodule.com/""}]",96783835
51,"[{""link"": ""https://rixe-club.com/""}, {""link"": ""https://moovetoi.fr/""}, {""link"": ""https://www.fraciledefrance.com/""}, {""link"": ""https://www.hugobeheregaray.com/""}]",24561967
52,"[{""link"": ""https://www.valdemoder.fr/Culture-loisirs/Musee-Image-Populaire/Manifestations-Musee.html""}]",36390684
53,"[{""link"": ""http://atriumnormandie.fr""}, {""link"": ""http://courtivore.com""}, {""link"": ""https://www.facebook.com/ohmytruckburgers/?locale=fr_FR""}]",31318716
54,"[{""link"": ""https://mhc.lille.fr/""}]",11695180
55,"[{""link"": ""https://fracnouvelleaquitaine-meca.fr/evenement/la-nuit-des-musees-au-frac/""}]",40570921
56,"[{""link"": ""https://fracdespaysdelaloire.com/""}]",13820111
57,"[{""link"": ""mailto:association@lecyclop.com""}]",63332720
58,"[{""link"": ""http://www.somme.fr/saisonculturelle""}]",93372853
59,"[{""link"": ""https://quaidessavoirs.toulouse-metropole.fr/exposition/exposition-ia-double-je/""}]",50203383
60,"[{""link"": ""mailto:papierdesman@gmail.com""}]",60549387
61,"[{""link"": ""mailto:letelanuitlesreves@gmail.com""}, {""link"": ""https://www.abbayedetroisfontaines.com/agenda/theatre-amateurs/""}]",66295387
62,"[{""link"": ""mailto:musee-histoire@marseille.fr""}, {""link"": ""mailto:museehistoire@marseille.fr""}]",96118016
63,"[{""link"": ""mailto:bunkerlarochelle@orange.fr""}]",81040739
64,"[{""link"": ""https://izi.travel/fr/browse/5b5e4b43-e099-4788-8e14-faa44ca220d1""}]",37083990
65,"[{""link"": ""https://lescauseriesculinaires.com/""}]",25120273
66,"[{""link"": ""https://www.mbaa.besancon.fr/nuit-europee-des-musees-samedi-18-mai-2024-de-19h-a-22h/""}, {""link"": ""https://www.mbaa.besancon.fr/nuit-europeenne-des-musees-samedi-18-mai-2024-de-19h-a-22h/""}, {""link"": ""https://www.mbaa.besancon.fr/nuiteuropeenne-musees-samedi-18mai-2024-19h-a-22h/""}]",50427903
67,"[{""link"": ""https://www.grataloup.fr/""}, {""link"": ""https://www.antoinetterozan.com/""}, {""link"": ""https://www.museegrataloup.fr/""}, {""link"": ""https://olympiade-culturelle.paris2024.org/evenement/exposition-corps-vivant-musee-grataloup-chevreuse-a7f2o00000006zeAAA""}, {""link"": ""https://www.museegrataloup.fr/exposition-corps-vivant""}]",79972488
68,"[{""link"": ""http://www.zadkine.paris.fr""}]",65358544
69,"[{""link"": ""https://palaisdetokyo.com/exposition/signal/""}]",11496506
70,"[{""link"": ""https://www.facebook.com/museesetcitadelle/videos/444407424787967""}]",54539171
71,"[{""link"": ""https://www.bastideum.fr/evenement/escape-game/""}]",47019944
72,"[{""link"": ""https://courtivore.com/""}, {""link"": ""https://www.facebook.com/ohmytruckburgers/?locale=fr_FR""}]",48596081
73,"[{""link"": ""https://www.hotel-de-la-marine.paris/agenda/le-gout-de-la-renaissance.-un-dialogue-entre-collections""}]",62330091
74,"[{""link"": ""https://palaisdetokyo.com/exposition/dislocations/""}]",63570086
75,"[{""link"": ""mailto:contact@marne14-18.fr""}, {""link"": ""http://www.marne14-18.fr""}]",42273282
76,"[{""link"": ""https://www.roubaix-lapiscine.com/expositions/en-cours/les-enfants-impressionnistes-du-musee-dorsay-a-la-piscine/""}]",35865023
77,"[{""link"": ""https://www.pays-vallee-dordogne.com/""}]",39579635
78,"[{""link"": ""https://guide.homofaber.com/fr/discover/victor-mailhan-leatherworking-france#about""}]",85134142
79,"[{""link"": ""mailto:musee.lambinet@versailles.fr""}]",60699301
80,"[{""link"": ""https://www.ecole-mopa.fr/""}]",65107638
81,"[{""link"": ""http://www.lesetablissementslafaille.com/""}]",58915219
82,"[{""data"": {""author"": ""Musee Faience Samadet"", ""cache_age"": 86400, ""description"": ""Film r\u00e9alis\u00e9 par Thomas  CICOLELLA"", ""type"": ""video"", ""title"": ""Pr\u00e9sentation du mus\u00e9e d\u00e9partemental de la fa\u00efence et des arts de la table \u00e0 Samadet"", ""thumbnail_url"": ""https://i.ytimg.com/vi/911wi8wBNIo/maxresdefault.jpg"", ""version"": ""1.0"", ""url"": ""https://www.youtube.com/watch?v=911wi8wBNIo"", ""thumbnail_height"": 720, ""author_url"": ""https://www.youtube.com/channel/UCIoDk7sDhqhqkIVNjMgv0Ew"", ""thumbnail_width"": 1280, ""options"": {""_end"": {""label"": ""End on"", ""placeholder"": ""ex.: 11, 1m10s"", ""value"": """"}, ""_start"": {""label"": ""Start from"", ""placeholder"": ""ex.: 11, 1m10s"", ""value"": """"}, ""_cc_load_policy"": {""label"": ""Closed captions"", ""value"": false}, ""click_to_play"": {""label"": ""Hold load & play until clicked"", ""value"": false}}, ""html"": ""<div style=\""left: 0; width: 100%; height: 0; position: relative; padding-bottom: 56.25%;\""><iframe src=\""https://www.youtube.com/embed/911wi8wBNIo?rel=0\"" style=\""top: 0; left: 0; width: 100%; height: 100%; position: absolute; border: 0;\"" allowfullscreen scrolling=\""no\"" allow=\""accelerometer; clipboard-write; encrypted-media; gyroscope; picture-in-picture; web-share;\""></iframe></div>"", ""provider_name"": ""YouTube""}, ""link"": ""https://youtu.be/911wi8wBNIo""}]",24193885
83,"[{""link"": ""https://www.musee-mirecourt.fr""}]",64801993
84,"[{""link"": ""https://musee-archeologienationale.fr/actualite/dun-monde-lautre""}]",17156169
85,"[{""link"": ""mailto:accueil.historialfleul@ccspsl.fr""}, {""link"": ""mailto:accueil.historialfleuriel@ccspsl.fr""}, {""link"": ""mailto:accueil.historialfleuriel@ccspsl.it""}]",8497835
86,"[{""link"": ""https://fracnouvelleaquitaine-meca.fr/evenement/la-nuit-des-musees-au-frac/""}]",48399383
87,"[{""link"": ""https://www.valdemoder.fr/Culture-loisirs/Musee-Image-Populaire/Manifestations-Musee.html""}]",22576732
88,"[{""link"": ""https://mudo.oise.fr/fileadmin/Agenda/Flyer_A5_expo_Histoires_TER.pdf""}]",60593641
89,"[{""link"": ""https://www.chateaulabrede.com/preparez-votre-visite""}]",56376871
90,"[{""link"": ""https://mhc.lille.fr/""}]",92504447
91,"[{""link"": ""https://www.roubaix-lapiscine.com/expositions/en-cours/compagnons-dune-vie/""}]",13116711
92,"[{""link"": ""https://explore.psl.eu/fr/le-magazine/videos/travail-dacteur-travail-de-memoire""}]",24366340
93,"[{""link"": ""https://www.capc-bordeaux.fr/pyjamabal-ndm-2024""}]",79911371
94,"[{""link"": ""mailto:microfolie@ville-chateaubriant.fr""}]",54719945
95,"[{""link"": ""mailto:guerreetpaix@cd08.fr""}]",60950400
96,"[{""link"": ""https://www.helloasso.com/associations/fondation-du-camp-des-milles-memoire-et-education/evenements/samedi-18-mai-2024-la-nuit-europeenne-des-musees-1""}]",12249416
97,"[{""link"": ""mailto:reservation@frac-meca.fr""}, {""link"": ""https://fracnouvelleaquitaine-meca.fr/evenement/la-nuit-des-musees-au-frac/""}]",71260908
99,"[{""link"": ""https://quaidessavoirs.toulouse-metropole.fr/quai-des-petits/""}]",9527971
100,"[{""link"": ""mailto:-f.mejean@villedemorlaix.org""}]",74761813
130,"[{""link"": ""https://ticotacam.fr/compagnie-ticotacam/""}]",10725324
131,"[{""link"": ""http://www.palaisgalliera.paris.fr""}]",99442340
132,"[{""link"": ""https://ticotacam.fr/compagnie-ticotacam/""}]",28057155
133,"[{""link"": ""https://www.lasabline.fr/actualites/nuit-europeenne-des-musees""}]",18609207
134,"[{""link"": ""http://atriumnormandie.fr""}]",13836022
135,"[{""link"": ""https://www.tourisme-lodevois-larzac.fr/experience/week-end-flamboyant-autour-de-la-cathedrale-restauree""}]",59843133
136,"[{""link"": ""https://www.capc-bordeaux.fr/pyjamabal-ndm-2024""}]",3274368
137,"[{""link"": ""https://www.luma.org/shop/details.html?product=66338813b250672b2bf26d3a""}]",25271036
138,"[{""link"": ""https://www.paris2024.org/fr/""}, {""link"": ""https://canada-culture.org/event/composition-pour-un-ensemble-ou-lesprit-des-jeux/""}, {""link"": ""https://lefifa.com/""}, {""link"": ""https://canada-culture.org/event/les-corps-en-mouvement/""}]",46963808
139,"[{""link"": ""http://www.somme.fr/saisonculturelle""}]",16054380
101,"[{""data"": {""cache_age"": 86400, ""thumbnail_width"": 1600, ""options"": {""card"": {""values"": {""small"": ""Make it a small card""}, ""value"": """"}}, ""description"": ""Cette r\u00e9servation ne n\u00e9cessite pas de paiement en ligne. Visite th\u00e9\u00e2tralis\u00e9e, Une visite th\u00e9\u00e2tralis\u00e9e pour imaginer la vie \u00e0 Aregenua, il y a 2000 ans. La Tutela, d\u00e9esse protectrice de la ville antique d'Aregenua, fait une apparition au XXI\u00e8me si\u00e8cle et guide les visiteurs dans sa cit\u00e9 gallo-romaine ! Suivez la pour une d\u00e9couverte de la Maison au Grand P\u00e9ristyle \u00e0 la lumi\u00e8re des flambeaux. Humour et d\u00e9couverte au programme. A 20h15 et 21h15 ; \u00e0 partir de 8 ans, r\u00e9servation obligatoire, gratuit."", ""html"": ""<div><div style=\""left: 0; width: 100%; height: 0; position: relative; padding-bottom: 56.25%; padding-top: 120px;\""><iframe data-iframely-url=\""https://cdn.iframe.ly/api/iframe?app=1&amp;url=https%3A%2F%2Fmy.weezevent.com%2Fmytho-quiz-nuit-des-musees-2024&amp;key=7db9d78bdbb5e7d79acb1240cae64b0e\"" style=\""top: 0; left: 0; width: 100%; height: 100%; position: absolute; border: 0;\"" allowfullscreen=\""\""></iframe></div></div>"", ""type"": ""rich"", ""title"": ""Mytho Quiz - Nuit des mus\u00e9es # 2024"", ""thumbnail_url"": ""https://wzeweb-p-visuelorga-evn-affiche.s3.eu-west-1.amazonaws.com/affiche_1092887.png"", ""version"": ""1.0"", ""url"": ""https://my.weezevent.com/mytho-quiz-nuit-des-musees-2024"", ""script"": {""async"": true, ""charset"": ""utf-8"", ""src"": ""https://cdn.iframe.ly/embed.js""}, ""thumbnail_height"": 900}, ""link"": ""https://my.weezevent.com/mytho-quiz-nuit-des-musees-2024""}]",37594422
102,"[{""link"": ""https://www.valdemoder.fr/Culture-loisirs/Musee-Image-Populaire/Manifestations-Musee.html""}]",24281979
103,"[{""link"": ""https://fracnouvelleaquitaine-meca.fr/evenement/la-nuit-des-musees-au-frac/""}]",11242016
104,"[{""link"": ""https://www.capc-bordeaux.fr/pyjamabal-ndm-2024""}]",87587768
105,"[{""link"": ""https://www.cultureenmouvements.org/compagnie-millimetree""}, {""data"": {""author"": ""DJ NO BREAKFAST"", ""cache_age"": 86400, ""description"": ""\u25ba https://linktr.ee/djnobreakfast DJ NO BREAKFAST is digging vinyl records & .mp3s for over two decades without breakfast ! Rare, cool & strange music from all around the world. From obscure 60/70's S"", ""type"": ""rich"", ""title"": ""DJ NO BREAKFAST"", ""thumbnail_url"": ""https://i1.sndcdn.com/avatars-dIIEf75lGyG8wgR6-ztnDbw-t500x500.jpg"", ""version"": ""1.0"", ""url"": ""https://soundcloud.com/djnobreakfast"", ""thumbnail_height"": 500, ""author_url"": ""https://soundcloud.com/djnobreakfast"", ""thumbnail_width"": 500, ""options"": {""_horizontal"": {""label"": ""Slimmer horizontal player"", ""value"": false}, ""_hide_comments"": {""label"": ""Hide timed comments"", ""value"": false}, ""_height"": {""values"": {""0"": ""Let Iframely optimize player for the artwork"", ""300"": ""300px"", ""400"": ""400px"", ""450"": ""450px"", ""600"": ""600px""}, ""label"": ""Adjust height"", ""value"": 450}}, ""html"": ""<div style=\""left: 0; width: 100%; height: 450px; position: relative;\""><iframe src=\""https://w.soundcloud.com/player/?visual=true&url=https%3A%2F%2Fapi.soundcloud.com%2Fusers%2F376114&show_artwork=true\"" style=\""top: 0; left: 0; width: 100%; height: 100%; position: absolute; border: 0;\"" allowfullscreen></iframe></div>"", ""provider_name"": ""SoundCloud"", ""height"": 450}, ""link"": ""https://soundcloud.com/djnobreakfast""}]",70173390
106,"[{""data"": {""cache_age"": 86400, ""thumbnail_width"": 100, ""description"": ""Instagram photos and videos"", ""html"": ""<div><div style=\""left: 0; width: 100%; height: 140px; position: relative;\""><iframe data-iframely-url=\""https://cdn.iframe.ly/api/iframe?app=1&amp;url=https%3A%2F%2Fwww.instagram.com%2Fmaximelavieart%2F&amp;key=7db9d78bdbb5e7d79acb1240cae64b0e\"" style=\""top: 0; left: 0; width: 100%; height: 100%; position: absolute; border: 0;\"" allowfullscreen=\""\""></iframe></div></div>"", ""type"": ""rich"", ""title"": ""Instagram (@maximelavieart)"", ""thumbnail_url"": ""https://scontent-iad3-2.cdninstagram.com/v/t51.2885-19/146439733_111159114292179_8845484919226934889_n.jpg?stp=dst-jpg_s100x100&_nc_cat=100&ccb=1-7&_nc_sid=3fd06f&_nc_ohc=1ZM4dnHyNu4Q7kNvgFsYe3q&_nc_ht=scontent-iad3-2.cdninstagram.com&oh=00_AYDtAyES8GpLd6aJCU2VUPXeIMhYV7lAjW8ZJIL4kHVvQA&oe=6647BD92"", ""version"": ""1.0"", ""url"": ""https://www.instagram.com/maximelavieart/"", ""script"": {""async"": true, ""charset"": ""utf-8"", ""src"": ""https://cdn.iframe.ly/embed.js""}, ""thumbnail_height"": 100}, ""link"": ""https://www.instagram.com/maximelavieart/""}]",34762244
107,"[{""data"": {""author"": ""D\u00e9partement Loire-Atlantique"", ""cache_age"": 86400, ""type"": ""video"", ""title"": ""Mus\u00e9e Dobr\u00e9e : cultivez votre curiosit\u00e9"", ""thumbnail_url"": ""https://i.ytimg.com/vi/olieakv6uFA/maxresdefault.jpg"", ""version"": ""1.0"", ""url"": ""https://www.youtube.com/watch?v=olieakv6uFA"", ""thumbnail_height"": 720, ""author_url"": ""https://www.youtube.com/channel/UCV9tcSCbEgwMUQdOGA1G5bQ"", ""thumbnail_width"": 1280, ""options"": {""_end"": {""label"": ""End on"", ""placeholder"": ""ex.: 11, 1m10s"", ""value"": """"}, ""_start"": {""label"": ""Start from"", ""placeholder"": ""ex.: 11, 1m10s"", ""value"": """"}, ""_cc_load_policy"": {""label"": ""Closed captions"", ""value"": false}, ""click_to_play"": {""label"": ""Hold load & play until clicked"", ""value"": false}}, ""html"": ""<div style=\""left: 0; width: 100%; height: 0; position: relative; padding-bottom: 56.25%;\""><iframe src=\""https://www.youtube.com/embed/olieakv6uFA?rel=0\"" style=\""top: 0; left: 0; width: 100%; height: 100%; position: absolute; border: 0;\"" allowfullscreen scrolling=\""no\"" allow=\""accelerometer; clipboard-write; encrypted-media; gyroscope; picture-in-picture; web-share;\""></iframe></div>"", ""provider_name"": ""YouTube""}, ""link"": ""https://youtu.be/olieakv6uFA?si=QUUIbDEHCcieMsAE""}, {""link"": ""https://www.musee-dobree.fr/""}]",57057820
108,"[{""link"": ""https://www.luma.org/shop/details.html?product=66338813b250672b2bf26d3a""}]",55198265
109,"[{""link"": ""https://www.itmparis.com""}]",47962476
110,"[{""link"": ""https://palaisdetokyo.com/exposition/passe-inquiet/""}]",75183525
111,"[{""link"": ""mailto:accueil@memorial-hwk.eu""}]",56213825
112,"[{""link"": ""https://www.museedelagrandeguerre.com/programmes/evenements/la-nuit-europee-des-musees[](https://www.museedelagrandeguerre.com/programmes/evenements/la-nuit-europeenne-des-musees/)[/](https://www.museedelagrandeguerre.com/programmes/evenements/la-nuit-europeenne-des-musees/)""}, {""link"": ""https://www.museedelagrandeguerre.com/programmes/evenements/la-nuit-europeenne-des-musees/""}, {""link"": ""https://www.museedelagrandeguerre.com/programmes/events/laNussioneeuropea""}]",12047832
113,"[{""link"": ""https://www.luma.org/shop/details.html?product=66338813b250672b2bf26d3a""}]",25137388
114,"[{""link"": ""https://www.museegranet-aixenprovence.fr/votre-visite/les-evenements/amalgame""}, {""link"": ""https://www.biennale-aix.fr/""}]",22392317
115,"[{""link"": ""https://billetterie.imarabe.org/selection/timeslotpass?productId=10229213203256""}]",69145593
116,"[{""link"": ""mailto:pourunefoisquonsort.asso@gmail.com""}, {""link"": ""mailto:onsort.asso@gmail.com""}]",47098422
117,"[{""link"": ""mailto:contact@rachmaninoff.fr""}]",60840741
118,"[{""link"": ""https://les-plastiqueurs.com/""}]",99035352
119,"[{""link"": ""http://www.somme.fr/saisonculturelle""}]",89793327
120,"[{""link"": ""https://www.amismuseenoyonnais.fr/""}]",63186376
121,"[{""link"": ""mailto:guerreetpaix@cd08.fr""}]",26173365
122,"[{""data"": {""cache_age"": 86400, ""thumbnail_width"": 100, ""description"": ""Instagram photos and videos"", ""html"": ""<div><div style=\""left: 0; width: 100%; height: 140px; position: relative;\""><iframe data-iframely-url=\""https://cdn.iframe.ly/api/iframe?app=1&amp;url=https%3A%2F%2Fwww.instagram.com%2Fboxcrew93%2F&amp;key=7db9d78bdbb5e7d79acb1240cae64b0e\"" style=\""top: 0; left: 0; width: 100%; height: 100%; position: absolute; border: 0;\"" allowfullscreen=\""\""></iframe></div></div>"", ""type"": ""rich"", ""title"": ""Instagram (@boxcrew93)"", ""thumbnail_url"": ""https://scontent-iad3-1.cdninstagram.com/v/t51.2885-19/38305059_316117555623782_4750919963286437888_n.jpg?stp=dst-jpg_s100x100&_nc_cat=104&ccb=1-7&_nc_sid=3fd06f&_nc_ohc=itAeH6VQh-sAb57arFb&_nc_ht=scontent-iad3-1.cdninstagram.com&oh=00_AfBwru_THHtlPnqDYaej2iez63mZ7ORqETS7859Ur4ziPw&oe=663559B8"", ""version"": ""1.0"", ""url"": ""https://www.instagram.com/boxcrew93/"", ""script"": {""async"": true, ""charset"": ""utf-8"", ""src"": ""https://cdn.iframe.ly/embed.js""}, ""thumbnail_height"": 100}, ""link"": ""https://www.instagram.com/boxcrew93/""}, {""data"": {""cache_age"": 86400, ""thumbnail_width"": 100, ""description"": ""Instagram photos and videos"", ""html"": ""<div><div style=\""left: 0; width: 100%; height: 140px; position: relative;\""><iframe data-iframely-url=\""https://cdn.iframe.ly/api/iframe?app=1&amp;url=https%3A%2F%2Fwww.instagram.com%2Fnava_inc%2F&amp;key=7db9d78bdbb5e7d79acb1240cae64b0e\"" style=\""top: 0; left: 0; width: 100%; height: 100%; position: absolute; border: 0;\"" allowfullscreen=\""\""></iframe></div></div>"", ""type"": ""rich"", ""title"": ""Instagram (@nava_inc)"", ""thumbnail_url"": ""https://scontent-iad3-2.cdninstagram.com/v/t51.2885-19/291622901_353798436832602_8146263308283200277_n.jpg?stp=dst-jpg_s100x100&_nc_cat=111&ccb=1-7&_nc_sid=3fd06f&_nc_ohc=uhmOCv8FJbkQ7kNvgF1x2SL&_nc_ht=scontent-iad3-2.cdninstagram.com&oh=00_AfDA2atmb1QYxgGRClub6pCH03HaoZUHwCEQA_esrR6thA&oe=66355B4E"", ""version"": ""1.0"", ""url"": ""https://www.instagram.com/nava_inc/"", ""script"": {""async"": true, ""charset"": ""utf-8"", ""src"": ""https://cdn.iframe.ly/embed.js""}, ""thumbnail_height"": 100}, ""link"": ""https://www.instagram.com/nava_inc/""}]",8032908
123,"[{""link"": ""https://www.mdig.fr/expositions-et-activites/expositions/l-impressionnisme-et-la-mer/""}]",24698443
124,"[{""link"": ""mailto:julie.valladier@ville-nice.fr""}]",38141606
125,"[{""link"": ""https://www.imprimerie.lyon.fr/fr/edito/miyazaki""}]",69031955
126,"[{""link"": ""mailto:m.avont@haut-allier.com""}]",1946148
127,"[{""link"": ""https://dda-nouvelle-aquitaine.org/Marianne-Vieules""}]",36680676
128,"[{""link"": ""https://palaisdetokyo.com/exposition/toucher-linsense/""}]",5760873
129,"[{""link"": ""https://conservatoiredupaysdarles.fr/""}]",25187518
140,"[{""link"": ""https://martinmiddlem.com/""}]",90045393
141,"[{""link"": ""http://www.memorializieu.eu""}]",12491085
142,"[{""link"": ""http://www.gingadance.com""}]",93629504
143,"[{""link"": ""http://www.somme.de/saisonkulture""}, {""link"": ""http://www.somme.fr/saisonculturelle""}, {""link"": ""http://www.somme.fr/saisoncultural""}]",97515884
144,"[{""link"": ""https://ticotacam.fr/compagnie-ticotacam/""}]",21345266
145,"[{""link"": ""https://www.oliviermartinaud.com/""}, {""link"": ""https://www.ubba.eu/fiche/actrice/elodie-huber""}, {""link"": ""http://www.facebook.com/garconpresse""}, {""data"": {""cache_age"": 86400, ""thumbnail_width"": 100, ""description"": ""Instagram photos and videos"", ""html"": ""<div><div style=\""left: 0; width: 100%; height: 140px; position: relative;\""><iframe data-iframely-url=\""https://cdn.iframe.ly/api/iframe?app=1&amp;url=http%3A%2F%2Fwww.instagram.com%2Fpressegarcon%2F&amp;key=7db9d78bdbb5e7d79acb1240cae64b0e\"" style=\""top: 0; left: 0; width: 100%; height: 100%; position: absolute; border: 0;\"" allowfullscreen=\""\""></iframe></div></div>"", ""type"": ""rich"", ""title"": ""Instagram (@pressegarcon)"", ""thumbnail_url"": ""https://scontent-iad3-2.cdninstagram.com/v/t51.2885-19/398142395_1360233731300543_4816649997308636570_n.jpg?stp=dst-jpg_s100x100&_nc_cat=106&ccb=1-7&_nc_sid=3fd06f&_nc_ohc=bgZb64uAeusQ7kNvgEieSYS&_nc_ht=scontent-iad3-2.cdninstagram.com&oh=00_AfBuONHuFtGMDByFBu_FTM6qGp1WdebbSryW06evmaiqxQ&oe=663959C8"", ""version"": ""1.0"", ""url"": ""https://www.instagram.com/pressegarcon/"", ""script"": {""async"": true, ""charset"": ""utf-8"", ""src"": ""https://cdn.iframe.ly/embed.js""}, ""thumbnail_height"": 100}, ""link"": ""http://www.instagram.com/pressegarcon/""}]",92702647
146,"[{""link"": ""mailto:musee.lambinet@versailles.fr""}]",67921886
147,"[{""link"": ""mailto:accueil@memorial-hwk.eu""}]",83362478
148,"[{""link"": ""mailto:musee@la-gueriniere.fr""}]",43895950
149,"[{""link"": ""http://www.monastere-de-brou.fr""}, {""link"": ""http://www.monatere-de-Brou.it""}, {""link"": ""http://www.monatere-de-brou.fr""}]",4226073
150,"[{""link"": ""https://produits.maisongainsbourg.fr/selection/timeslotpass?productId=10229217843347""}, {""link"": ""https://produkte.maisongainsbourg.fr/selection/timeslotpass?productId=10229217843347""}, {""link"": ""https://www.maisongainsbourg.fr/newsletter""}]",98579792
151,"[{""link"": ""https://palaisdetokyo.com/exposition/passe-inquiet/""}]",27962890
152,"[{""link"": ""http://www.marritveenstra.com""}]",25275837
153,"[{""link"": ""https://palaisdetokyo.com/exposition/dislocations/""}]",80503782
154,"[{""data"": {""author"": ""Norbert Guih\u00e9neuf"", ""cache_age"": 86400, ""description"": ""Le groupe Digabestr en fest-noz pendant le Festival Interceltique de Lorient.\n\nCr\u00e9dit Audio : Digabestr / Cr\u00e9dit Vid\u00e9o : Norbert Fest Noz"", ""type"": ""video"", ""title"": ""Digabestr / FIL 2022 Espace Bretagne"", ""thumbnail_url"": ""https://i.ytimg.com/vi/BKCr5Cc_Qys/maxresdefault.jpg"", ""version"": ""1.0"", ""url"": ""https://www.youtube.com/watch?v=BKCr5Cc_Qys"", ""thumbnail_height"": 720, ""author_url"": ""https://www.youtube.com/channel/UCxvopY6sgxL_9USOPzexDrA"", ""thumbnail_width"": 1280, ""options"": {""_end"": {""label"": ""End on"", ""placeholder"": ""ex.: 11, 1m10s"", ""value"": """"}, ""_start"": {""label"": ""Start from"", ""placeholder"": ""ex.: 11, 1m10s"", ""value"": """"}, ""_cc_load_policy"": {""label"": ""Closed captions"", ""value"": false}, ""click_to_play"": {""label"": ""Hold load & play until clicked"", ""value"": false}}, ""html"": ""<div style=\""left: 0; width: 100%; height: 0; position: relative; padding-bottom: 56.25%;\""><iframe src=\""https://www.youtube.com/embed/BKCr5Cc_Qys?rel=0\"" style=\""top: 0; left: 0; width: 100%; height: 100%; position: absolute; border: 0;\"" allowfullscreen scrolling=\""no\"" allow=\""accelerometer; clipboard-write; encrypted-media; gyroscope; picture-in-picture; web-share;\""></iframe></div>"", ""provider_name"": ""YouTube""}, ""link"": ""https://www.youtube.com/watch?v=BKCr5Cc_Qys""}, {""data"": {""author"": ""Robin Vargoz"", ""cache_age"": 86400, ""description"": ""DUO VARGOZ 2022\nGuillaume Vargoz: harmonicas\nRobin Vargoz: violon, alto, voix, pieds\nimages: Ana Vacas Mata \nmontage: Robin Vargoz\nimages tourn\u00e9es lors des festivals : Nuit du Folk en Diois (Chatillon), Bal de Foin (Sainte Luce), Le Festicule (Lus la Croix Haute) durant l'ann\u00e9e 2022.\nhttps://compagniedurigodon.bandcamp.com/album/duo-vargoz\nhttps://www.lacompagniedurigodon.com/groupes/duo-vargoz/"", ""type"": ""video"", ""title"": ""DUO VARGOZ 2022"", ""thumbnail_url"": ""https://i.ytimg.com/vi/TyCAYb6Pn5U/maxresdefault.jpg"", ""version"": ""1.0"", ""url"": ""https://www.youtube.com/watch?v=TyCAYb6Pn5U"", ""thumbnail_height"": 720, ""author_url"": ""https://www.youtube.com/channel/UCy7RgR2xDCCsGfsf-kF9brQ"", ""thumbnail_width"": 1280, ""options"": {""_end"": {""label"": ""End on"", ""placeholder"": ""ex.: 11, 1m10s"", ""value"": """"}, ""_start"": {""label"": ""Start from"", ""placeholder"": ""ex.: 11, 1m10s"", ""value"": """"}, ""_cc_load_policy"": {""label"": ""Closed captions"", ""value"": false}, ""click_to_play"": {""label"": ""Hold load & play until clicked"", ""value"": false}}, ""html"": ""<div style=\""left: 0; width: 100%; height: 0; position: relative; padding-bottom: 56.25%;\""><iframe src=\""https://www.youtube.com/embed/TyCAYb6Pn5U?rel=0\"" style=\""top: 0; left: 0; width: 100%; height: 100%; position: absolute; border: 0;\"" allowfullscreen scrolling=\""no\"" allow=\""accelerometer; clipboard-write; encrypted-media; gyroscope; picture-in-picture; web-share;\""></iframe></div>"", ""provider_name"": ""YouTube""}, ""link"": ""https://www.youtube.com/watch?v=TyCAYb6Pn5U""}]",99863423
155,"[{""data"": {""author"": ""Mus\u00e9e de la C\u00e9ramique \u00e0 Desvres"", ""cache_age"": 86400, ""description"": ""D\u00e9couvrez le Nouveau Mus\u00e9e de la c\u00e9ramique de Desvres. \r\nNich\u00e9e dans les hauteurs du boulonnais, la cit\u00e9 poti\u00e8re du Nord Pas-de-Calais s'est sp\u00e9cialis\u00e9e dans l'art c\u00e9ramique.\r\nQue vous soyez amateur de c\u00e9ramique ou que vous ayez envie de d\u00e9couvrir un lieu chaleureux et incoutournable de la C\u00f4te d'Opale, le Mus\u00e9e saura vous surprendre."", ""type"": ""video"", ""title"": ""Mus\u00e9e de la c\u00e9ramique Desvres"", ""thumbnail_url"": ""https://i.ytimg.com/vi/dltu_EdzVJY/maxresdefault.jpg"", ""version"": ""1.0"", ""url"": ""https://www.youtube.com/watch?v=dltu_EdzVJY"", ""thumbnail_height"": 720, ""author_url"": ""https://www.youtube.com/channel/UCc9B5DkjYO1aDZaZfTOjZmw"", ""thumbnail_width"": 1280, ""options"": {""_end"": {""label"": ""End on"", ""placeholder"": ""ex.: 11, 1m10s"", ""value"": """"}, ""_start"": {""label"": ""Start from"", ""placeholder"": ""ex.: 11, 1m10s"", ""value"": """"}, ""_cc_load_policy"": {""label"": ""Closed captions"", ""value"": false}, ""click_to_play"": {""label"": ""Hold load & play until clicked"", ""value"": false}}, ""html"": ""<div style=\""left: 0; width: 100%; height: 0; position: relative; padding-bottom: 56.25%;\""><iframe src=\""https://www.youtube.com/embed/dltu_EdzVJY?rel=0\"" style=\""top: 0; left: 0; width: 100%; height: 100%; position: absolute; border: 0;\"" allowfullscreen scrolling=\""no\"" allow=\""accelerometer; clipboard-write; encrypted-media; gyroscope; picture-in-picture; web-share;\""></iframe></div>"", ""provider_name"": ""YouTube""}, ""link"": ""https://www.youtube.com/watch?app=desktop&v=dltu_EdzVJY&feature=youtu.be""}]",70824129
156,"[{""link"": ""https://canada-culture.org/event/la-nuit-europeenne-des-musees-7/""}, {""link"": ""https://canada-culture.org/event/composition-pour-un-ensemble-ou-lesprit-des-jeux/""}, {""link"": ""https://lefifa.com/""}]",15412372
157,"[{""link"": ""https://bit.ly/NDM_2024""}]",47853946
158,"[{""data"": {""author"": ""Jean philippe Carde"", ""cache_age"": 86400, ""description"": ""www.aquacoustique.com"", ""type"": ""video"", ""title"": ""Parasol la si do, cr\u00e9ation Jean Philippe Carde"", ""thumbnail_url"": ""https://i.ytimg.com/vi/ReXboKpOs1A/maxresdefault.jpg"", ""version"": ""1.0"", ""url"": ""https://www.youtube.com/watch?v=ReXboKpOs1A"", ""thumbnail_height"": 720, ""author_url"": ""https://www.youtube.com/channel/UCHs3pS7ANnxQl-rPmjSN6cg"", ""thumbnail_width"": 1280, ""options"": {""_end"": {""label"": ""End on"", ""placeholder"": ""ex.: 11, 1m10s"", ""value"": """"}, ""_start"": {""label"": ""Start from"", ""placeholder"": ""ex.: 11, 1m10s"", ""value"": """"}, ""_cc_load_policy"": {""label"": ""Closed captions"", ""value"": false}, ""click_to_play"": {""label"": ""Hold load & play until clicked"", ""value"": false}}, ""html"": ""<div style=\""left: 0; width: 100%; height: 0; position: relative; padding-bottom: 56.25%;\""><iframe src=\""https://www.youtube.com/embed/ReXboKpOs1A?rel=0\"" style=\""top: 0; left: 0; width: 100%; height: 100%; position: absolute; border: 0;\"" allowfullscreen scrolling=\""no\"" allow=\""accelerometer; clipboard-write; encrypted-media; gyroscope; picture-in-picture; web-share;\""></iframe></div>"", ""provider_name"": ""YouTube""}, ""link"": ""https://www.youtube.com/watch?v=ReXboKpOs1A""}]",93605141
159,"[{""link"": ""mailto:accueil@memorial-hwk.eu""}]",81670008
172,"[{""link"": ""https://mhc.lille.fr/""}]",2176792
173,"[{""link"": ""https://forms.office.com/e/e5D8Dd833T""}]",91770036
174,"[{""link"": ""mailto:chateaudemorlanne@orange.fr""}]",18543527
175,"[{""link"": ""http://www.marqueze.fr""}]",90815916
176,"[{""link"": ""https://www.valdemoder.fr/Culture-loisirs/Musee-Image-Populaire/Manifestations-Musee.html""}]",21180337
177,"[{""link"": ""https://www.chateauversailles.fr/actualites/evenements/nuit-europeenne-musees-2024""}]",60575583
178,"[{""link"": ""mailto:musee.lambinet@versailles.fr""}]",30425101
179,"[{""link"": ""mailto:conservation.departementale@vaucluse.fr""}]",4339617
180,"[{""link"": ""https://www.mdig.fr/expositions-et-activites/expositions/l-impressionnisme-et-la-mer/""}]",15037257
181,"[{""link"": ""https://www.gaite-lyrique.net/evenement/coalition""}]",32169781
182,"[{""link"": ""https://dda-nouvelle-aquitaine.org/Estaque-Laurie-Anne""}]",68259334
183,"[{""link"": ""https://conservatoiredupaysdarles.fr/""}]",76245437
184,"[{""link"": ""https://www.cultureenmouvements.org/""}, {""link"": ""https://www.cultureenmouvements.org/compagnie-millimetree""}, {""link"": ""https://museum.toulouse-metropole.fr/le-jardin-botanique/""}]",44819450
185,"[{""link"": ""https://www.capc-bordeaux.fr/pyjamabal-ndm-2024""}]",58433789
186,"[{""link"": ""mailto:musee-histoire@marseille.fr""}, {""link"": ""mailto:museehistoire@marseille.fr""}]",22148769
187,"[{""link"": ""https://openagenda.com/lclo-2024/events""}]",31328608
160,"[{""data"": {""cache_age"": 86400, ""thumbnail_width"": 1928, ""description"": ""Cette r\u00e9servation ne n\u00e9cessite pas de paiement en ligne. Un spectacle de feu sur les vestiges de la Maison au Grand P\u00e9ristyle ! D\u00e9couvrez un spectacle alliant jonglerie et danse enflamm\u00e9e, dans des tableaux \u00e9tonnants dont l'intensit\u00e9 va crescendo et s'ach\u00e8ve sur une note explosive !!! L\u2019Homme a cherch\u00e9 \u00e0 apprivoiser le feu depuis l\u2019\u00e8re primitive, \u00e0 le porter et le propulser, car si la flamme d\u00e9truit, lorsqu\u2019elle est ma\u00eetris\u00e9e, elle illumine. Le danseur fait corps avec le feu, aussi indomptable qu\u2019impr\u00e9visible. L\u2019espace d\u2019\u00e9volution du danseur s\u2019embrase au fil du temps, depuis l\u2019\u00e2ge des tribus Touaregs \u00e0 l\u2019\u00e8re urbaine. \u00c0 22h30, spectacle en ext\u00e9rieur. MERCI DE VOUS PRESENTER IMPERATIVEMENT MINIMUM 20 MINUTES AVANT L'HEURE DE DEBUT DU SPECTACLE. Tarif : gratuit"", ""html"": ""<div><div style=\""left: 0; width: 100%; height: 140px; position: relative;\""><iframe data-iframely-url=\""https://cdn.iframe.ly/api/iframe?app=1&amp;url=https%3A%2F%2Fmy.weezevent.com%2Fspectacle-de-feu-nuit-des-musees-2024&amp;key=7db9d78bdbb5e7d79acb1240cae64b0e\"" style=\""top: 0; left: 0; width: 100%; height: 100%; position: absolute; border: 0;\"" allowfullscreen=\""\""></iframe></div></div>"", ""type"": ""rich"", ""title"": ""Spectacle de Feu - Nuit des Mus\u00e9es #2024"", ""thumbnail_url"": ""https://wzeweb-p-visuelorga-evn-affiche.s3.eu-west-1.amazonaws.com/affiche_722214.jpg"", ""version"": ""1.0"", ""url"": ""https://my.weezevent.com/spectacle-de-feu-nuit-des-musees-2024"", ""script"": {""async"": true, ""charset"": ""utf-8"", ""src"": ""https://cdn.iframe.ly/embed.js""}, ""thumbnail_height"": 1928}, ""link"": ""https://my.weezevent.com/spectacle-de-feu-nuit-des-musees-2024""}]",88715335
161,"[{""link"": ""https://www.musees-saint-omer.fr/exposition_matieres/""}, {""link"": ""https://www.musees-saint-omer.fr/parcours-histoire-tresors-audomarois/""}, {""link"": ""https://www.musees-saint-omer.fr/parcours-somptueuse-demeure-collectionneurs/""}]",60987735
162,"[{""link"": ""mailto:archives@ville-ales.fr""}]",6610866
163,"[{""link"": ""https://www.musee.minesparis.psl.eu/Accueil/""}, {""data"": {""cache_age"": 86400, ""thumbnail_width"": 1163, ""options"": {""card"": {""values"": {""small"": ""Make it a small card""}, ""value"": """"}}, ""description"": ""Samedi 18 mai, \u00e0 l'occasion de la Nuit des Mus\u00e9es 2024, l'Ecole des Mines de Paris (Mines Paris - PSL) vous propose un acc\u00e8s gratuit \u00e0 son Mus\u00e9e de Min\u00e9ralogie. M\u00eame si la r\u00e9servation n'est pas obligatoire, nous vous conseillons de r\u00e9servez votre cr\u00e9neau horaire pour assurer l'acc\u00e8s \u00e0 cet \u00e9v\u00e9nement national gratuit (r\u00e9servations disponibles entre 18h et 23h15, fermeture des portes \u00e0 23h45). Visite libre, acc\u00e8s gratuit Le samedi 18 mai 2024, cr\u00e9neaux r\u00e9servables de 18h \u00e0 23h15 (fermeture des portes \u00e0 23h45). L'acc\u00e8s sera garantie en priorit\u00e9 aux visiteurs munis d'une r\u00e9servation (r\u00e9servation non obligatoire mais recommand\u00e9e). Le Mus\u00e9e de Min\u00e9ralogie Depuis plus de 200 ans, pr\u00e9serv\u00e9es dans l'\u00e9crin de l\u2019h\u00f4tel de Vend\u00f4me, les collections min\u00e9ralogiques de l\u2019Ecole des Mines de Paris comptent parmi les plus compl\u00e8tes et spectaculaires du monde. Elles renferment quelques 100 000 \u00e9chantillons dont 5 000 pr\u00e9sent\u00e9s en vitrine : min\u00e9raux, roches, pierres pr\u00e9cieuses (dont des gemmes de Joyaux de la Couronne de France), m\u00e9t\u00e9orites sont expos\u00e9s dans une galerie de 80 m\u00e8tres, au cachet historique et patrimonial inestimables."", ""html"": ""<div><div style=\""left: 0; width: 100%; height: 0; position: relative; padding-bottom: 56.2339%; padding-top: 120px;\""><iframe data-iframely-url=\""https://cdn.iframe.ly/api/iframe?app=1&amp;url=https%3A%2F%2Fmy.weezevent.com%2Fnuit-des-musees-au-musee-de-mineralogie&amp;key=7db9d78bdbb5e7d79acb1240cae64b0e\"" style=\""top: 0; left: 0; width: 100%; height: 100%; position: absolute; border: 0;\"" allowfullscreen=\""\""></iframe></div></div>"", ""type"": ""rich"", ""title"": ""Nuit des Mus\u00e9es au Mus\u00e9e de Min\u00e9ralogie"", ""thumbnail_url"": ""https://static.weezevent.com/ticket/images/O486632/dde5f26d-af6f-4cae-8e15-2cc3d5cd589b.jpeg"", ""version"": ""1.0"", ""url"": ""https://my.weezevent.com/nuit-des-musees-au-musee-de-mineralogie"", ""script"": {""async"": true, ""charset"": ""utf-8"", ""src"": ""https://cdn.iframe.ly/embed.js""}, ""thumbnail_height"": 654}, ""link"": ""https://my.weezevent.com/nuit-des-musees-au-musee-de-mineralogie""}]",2254752
164,"[{""data"": {""cache_age"": 86400, ""thumbnail_width"": 1600, ""options"": {""card"": {""values"": {""small"": ""Make it a small card""}, ""value"": """"}}, ""description"": ""Cette r\u00e9servation ne n\u00e9cessite pas de paiement en ligne. R\u00e9servation obligatoire pour les enfants et les adultes. Visite comment\u00e9e de l'exposition \""Embarque avec tes h\u00e9ros grecs\"" suivie d'un atelier Une visite comment\u00e9e et cont\u00e9e de l'exposition \""Embarque avec tes h\u00e9ros grecs\"" suivie d'un atelier de r\u00e9alisation d'un porte-cl\u00e9s en plastique fou \u00e0 l'effigie de son h\u00e9ros pr\u00e9f\u00e9r\u00e9. Les enfants partent \u00e0 l'abordage de trois grandes histoires de la mythologie : Th\u00e9s\u00e9e et le Minotaure, Jason et la Toison d'Or, Ulysse et son retour \u00e0 Itaque. Dur\u00e9e : 1h30 ; \u00e0 partir de 6 ans, adulte accompagnateur obligatoire ; 3\u20ac en suppl\u00e9ment de l'entr\u00e9e du mus\u00e9e ; r\u00e9servation obligatoire."", ""html"": ""<div><div style=\""left: 0; width: 100%; height: 0; position: relative; padding-bottom: 56.25%; padding-top: 120px;\""><iframe data-iframely-url=\""https://cdn.iframe.ly/api/iframe?app=1&amp;url=https%3A%2F%2Fmy.weezevent.com%2Fvisite-embarque-avec-tes-heros-grecs-nuit-des-musees-2024&amp;key=7db9d78bdbb5e7d79acb1240cae64b0e\"" style=\""top: 0; left: 0; width: 100%; height: 100%; position: absolute; border: 0;\"" allowfullscreen=\""\""></iframe></div></div>"", ""type"": ""rich"", ""title"": ""Visite \""Embarque avec tes h\u00e9ros grecs\"" - Nuit des mus\u00e9es #2024"", ""thumbnail_url"": ""https://wzeweb-p-visuelorga-evn-affiche.s3.eu-west-1.amazonaws.com/affiche_1088922.png"", ""version"": ""1.0"", ""url"": ""https://my.weezevent.com/visite-embarque-avec-tes-heros-grecs-nuit-des-musees-2024"", ""script"": {""async"": true, ""charset"": ""utf-8"", ""src"": ""https://cdn.iframe.ly/embed.js""}, ""thumbnail_height"": 900}, ""link"": ""https://my.weezevent.com/visite-embarque-avec-tes-heros-grecs-nuit-des-musees-2024""}]",59652421
165,"[{""link"": ""https://archea.roissypaysdefrance.fr/a-la-une/une/les-journees-du-patrimoine-2020-a-archea-389""}]",6071542
166,"[{""link"": ""https://fracnouvelleaquitaine-meca.fr/evenement/la-nuit-des-musees-au-frac/""}]",24270849
167,"[{""link"": ""http://www.bnf.fr""}]",73752742
168,"[{""data"": {""author"": ""Ellen Pel\u00e9 Pianiste"", ""cache_age"": 86400, ""description"": ""La premi\u00e8re composition du groupe Cand'elles avec Mayomi Moreno et Ellen Pel\u00e9!\nAvec Sarah Chauffray pour la vid\u00e9o et Pierre le Normand au son\n\nPour des concerts, contactez-nous \u00e0:\n\ncandellesduo@gmail.com"", ""type"": ""video"", ""title"": ""'Calma' Cand'elles"", ""thumbnail_url"": ""https://i.ytimg.com/vi/e5Cr9GVVLlY/maxresdefault.jpg"", ""version"": ""1.0"", ""url"": ""https://www.youtube.com/watch?v=e5Cr9GVVLlY"", ""thumbnail_height"": 720, ""author_url"": ""https://www.youtube.com/channel/UCAyrG5mpeOvWeNYnebYBXZA"", ""thumbnail_width"": 1280, ""options"": {""_end"": {""label"": ""End on"", ""placeholder"": ""ex.: 11, 1m10s"", ""value"": """"}, ""_start"": {""label"": ""Start from"", ""placeholder"": ""ex.: 11, 1m10s"", ""value"": """"}, ""_cc_load_policy"": {""label"": ""Closed captions"", ""value"": false}, ""click_to_play"": {""label"": ""Hold load & play until clicked"", ""value"": false}}, ""html"": ""<div style=\""left: 0; width: 100%; height: 0; position: relative; padding-bottom: 56.25%;\""><iframe src=\""https://www.youtube.com/embed/e5Cr9GVVLlY?rel=0\"" style=\""top: 0; left: 0; width: 100%; height: 100%; position: absolute; border: 0;\"" allowfullscreen scrolling=\""no\"" allow=\""accelerometer; clipboard-write; encrypted-media; gyroscope; picture-in-picture; web-share;\""></iframe></div>"", ""provider_name"": ""YouTube""}, ""link"": ""https://www.youtube.com/watch?v=e5Cr9GVVLlY&ab_channel=EllenPel%C3%A9Pianiste""}]",5683352
169,"[{""link"": ""https://www.valdemoder.fr/Culture-loisirs/Musee-Image-Populaire/Manifestations-Musee.html""}]",53807393
170,"[{""link"": ""https://www.luma.org/shop/details.html?product=662a781db250672b2bf26d39""}]",26950460
171,"[{""data"": {""author"": ""Mus\u00e9e de la C\u00e9ramique \u00e0 Desvres"", ""cache_age"": 86400, ""description"": ""D\u00e9couvrez le Nouveau Mus\u00e9e de la c\u00e9ramique de Desvres. \r\nNich\u00e9e dans les hauteurs du boulonnais, la cit\u00e9 poti\u00e8re du Nord Pas-de-Calais s'est sp\u00e9cialis\u00e9e dans l'art c\u00e9ramique.\r\nQue vous soyez amateur de c\u00e9ramique ou que vous ayez envie de d\u00e9couvrir un lieu chaleureux et incoutournable de la C\u00f4te d'Opale, le Mus\u00e9e saura vous surprendre."", ""type"": ""video"", ""title"": ""Mus\u00e9e de la c\u00e9ramique Desvres"", ""thumbnail_url"": ""https://i.ytimg.com/vi/dltu_EdzVJY/maxresdefault.jpg"", ""version"": ""1.0"", ""url"": ""https://www.youtube.com/watch?v=dltu_EdzVJY"", ""thumbnail_height"": 720, ""author_url"": ""https://www.youtube.com/channel/UCc9B5DkjYO1aDZaZfTOjZmw"", ""thumbnail_width"": 1280, ""options"": {""_end"": {""label"": ""End on"", ""placeholder"": ""ex.: 11, 1m10s"", ""value"": """"}, ""_start"": {""label"": ""Start from"", ""placeholder"": ""ex.: 11, 1m10s"", ""value"": """"}, ""_cc_load_policy"": {""label"": ""Closed captions"", ""value"": false}, ""click_to_play"": {""label"": ""Hold load & play until clicked"", ""value"": false}}, ""html"": ""<div style=\""left: 0; width: 100%; height: 0; position: relative; padding-bottom: 56.25%;\""><iframe src=\""https://www.youtube.com/embed/dltu_EdzVJY?rel=0\"" style=\""top: 0; left: 0; width: 100%; height: 100%; position: absolute; border: 0;\"" allowfullscreen scrolling=\""no\"" allow=\""accelerometer; clipboard-write; encrypted-media; gyroscope; picture-in-picture; web-share;\""></iframe></div>"", ""provider_name"": ""YouTube""}, ""link"": ""https://www.youtube.com/watch?app=desktop&v=dltu_EdzVJY&feature=youtu.be""}]",88501159
188,"[{""link"": ""https://compaie-autochtone.com/programme-arvillard/""}, {""link"": ""https://compagnie-autochtone.com/programme-arvillard/""}]",70721211
